ag1,ag2,agdistances
A/SWINE/NORTH_CAROLINA/A02076926/2015,A/SWINE/NORTH_CAROLINA/A01841602/2015,2.024020177
A/SWINE/NORTH_CAROLINA/A02076926/2015,A/SWINE/OHIO/A01847657/2015,2.598101606
A/SWINE/NORTH_CAROLINA/A02076926/2015,A/OHIO/9/2015,1.965676032
A/SWINE/NORTH_CAROLINA/A02076926/2015,A/SWINE/ILLINOIS/A01493472/2014,3.668610137
A/SWINE/NORTH_CAROLINA/A02076926/2015,A/SWINE/MINNESOTA/A01567490/2014,3.095225138
A/SWINE/NORTH_CAROLINA/A02076926/2015,A/MEXICO/4108/2009,3.334882145
A/SWINE/NORTH_CAROLINA/A02076926/2015,A/SWINE/NORTH_CAROLINA/A01797415/2015,3.472799368
A/SWINE/NORTH_CAROLINA/A02076926/2015,A/SWINE/IOWA/A01731653/2016,4.674159346
A/SWINE/NORTH_CAROLINA/A02076926/2015,A/SWINE/MEXICO/AVX31/2012,3.64304834
A/SWINE/NORTH_CAROLINA/A02076926/2015,A/SWINE/MEXICO/AVX23/2012,4.612390215
A/SWINE/NORTH_CAROLINA/A02076926/2015,A/SWINE/MEXICO/AVX44/2012,4.917682472
A/SWINE/NORTH_CAROLINA/A02076926/2015,A/SWINE/MEXICO/AVX18/2012,7.092175597
A/SWINE/NORTH_CAROLINA/A02076926/2015,A/SWINE/MEXICO/AVX61/2013,7.13157939
A/SWINE/NORTH_CAROLINA/A02076926/2015,A/SWINE/ALBERTA/SD0125/2015,5.825117199
A/SWINE/NORTH_CAROLINA/A02076926/2015,A/SWINE/SASKATCHEWAN/SD0094/2015,5.297650494
A/SWINE/NORTH_CAROLINA/A02076926/2015,A/SWINE/ALBERTA/SD0014/2013,7.094388161
A/SWINE/NORTH_CAROLINA/A02076926/2015,A/SWINE/ALBERTA/SD0154/2016,4.33640988
A/SWINE/NORTH_CAROLINA/A02076926/2015,A/SWINE/MANITOBA/D0333/2014,5.758005038
A/SWINE/NORTH_CAROLINA/A02076926/2015,A/SWINE/MANITOBA/D0392/2014,13.33292806
A/SWINE/NORTH_CAROLINA/A02076926/2015,A/SWINE/SASKATCHEWAN/SD0102/2015,12.35176194
A/SWINE/NORTH_CAROLINA/A02076926/2015,A/SWINE/MANITOBA/SD0114/2015,10.66162312
A/SWINE/NORTH_CAROLINA/A02076926/2015,A/SWINE/ALBERTA/SD0191/2016,10.29372959
A/SWINE/NORTH_CAROLINA/A02076926/2015,A/SWINE/SASKATCHEWAN/SD0200/2016,9.754108989
A/SWINE/NORTH_CAROLINA/A02076926/2015,A/SWINE/MANITOBA/D0348/2014,10.02556032
A/SWINE/NORTH_CAROLINA/A02076926/2015,A/MINNESOTA/45/2016,12.31817986
A/SWINE/NORTH_CAROLINA/A02076926/2015,A/SWINE/MINNESOTA/A01781045/2016,11.10245839
A/SWINE/NORTH_CAROLINA/A02076926/2015,A/SWINE/NORTH_CAROLINA/A01730369/2016,5.795959891
A/SWINE/NORTH_CAROLINA/A02076926/2015,A/SWINE/MINNESOTA/A01134353/2011,5.308372803
A/SWINE/NORTH_CAROLINA/A02076926/2015,A/SWINE/NEBRASKA/A01492366/2014,7.561031369
A/SWINE/NORTH_CAROLINA/A02076926/2015,A/SWINE/ILLINOIS/A01644323/2018,6.59806443
A/SWINE/NORTH_CAROLINA/A02076926/2015,A/SWINE/OKLAHOMA/A01409770/2014,9.932514256
A/SWINE/NORTH_CAROLINA/A02076926/2015,A/SWINE/ILLINOIS/A02139356/2018,11.55625054
A/SWINE/NORTH_CAROLINA/A02076926/2015,A/SWINE/MICHIGAN/A01104117/2018,9.028956896
A/SWINE/NORTH_CAROLINA/A01841602/2015,A/SWINE/OHIO/A01847657/2015,1.37889583
A/SWINE/NORTH_CAROLINA/A01841602/2015,A/OHIO/9/2015,2.208401937
A/SWINE/NORTH_CAROLINA/A01841602/2015,A/SWINE/ILLINOIS/A01493472/2014,5.568411641
A/SWINE/NORTH_CAROLINA/A01841602/2015,A/SWINE/MINNESOTA/A01567490/2014,4.544901861
A/SWINE/NORTH_CAROLINA/A01841602/2015,A/MEXICO/4108/2009,5.199300082
A/SWINE/NORTH_CAROLINA/A01841602/2015,A/SWINE/NORTH_CAROLINA/A01797415/2015,4.196247479
A/SWINE/NORTH_CAROLINA/A01841602/2015,A/SWINE/IOWA/A01731653/2016,5.545470371
A/SWINE/NORTH_CAROLINA/A01841602/2015,A/SWINE/MEXICO/AVX31/2012,5.197041139
A/SWINE/NORTH_CAROLINA/A01841602/2015,A/SWINE/MEXICO/AVX23/2012,6.007239867
A/SWINE/NORTH_CAROLINA/A01841602/2015,A/SWINE/MEXICO/AVX44/2012,5.91522449
A/SWINE/NORTH_CAROLINA/A01841602/2015,A/SWINE/MEXICO/AVX18/2012,6.267431305
A/SWINE/NORTH_CAROLINA/A01841602/2015,A/SWINE/MEXICO/AVX61/2013,7.290621958
A/SWINE/NORTH_CAROLINA/A01841602/2015,A/SWINE/ALBERTA/SD0125/2015,7.17159697
A/SWINE/NORTH_CAROLINA/A01841602/2015,A/SWINE/SASKATCHEWAN/SD0094/2015,6.284198422
A/SWINE/NORTH_CAROLINA/A01841602/2015,A/SWINE/ALBERTA/SD0014/2013,8.365737544
A/SWINE/NORTH_CAROLINA/A01841602/2015,A/SWINE/ALBERTA/SD0154/2016,5.692060359
A/SWINE/NORTH_CAROLINA/A01841602/2015,A/SWINE/MANITOBA/D0333/2014,6.046415229
A/SWINE/NORTH_CAROLINA/A01841602/2015,A/SWINE/MANITOBA/D0392/2014,12.47737369
A/SWINE/NORTH_CAROLINA/A01841602/2015,A/SWINE/SASKATCHEWAN/SD0102/2015,12.02409982
A/SWINE/NORTH_CAROLINA/A01841602/2015,A/SWINE/MANITOBA/SD0114/2015,10.74548002
A/SWINE/NORTH_CAROLINA/A01841602/2015,A/SWINE/ALBERTA/SD0191/2016,10.06772794
A/SWINE/NORTH_CAROLINA/A01841602/2015,A/SWINE/SASKATCHEWAN/SD0200/2016,9.466896502
A/SWINE/NORTH_CAROLINA/A01841602/2015,A/SWINE/MANITOBA/D0348/2014,9.763706832
A/SWINE/NORTH_CAROLINA/A01841602/2015,A/MINNESOTA/45/2016,12.04784454
A/SWINE/NORTH_CAROLINA/A01841602/2015,A/SWINE/MINNESOTA/A01781045/2016,11.07556932
A/SWINE/NORTH_CAROLINA/A01841602/2015,A/SWINE/NORTH_CAROLINA/A01730369/2016,6.354624552
A/SWINE/NORTH_CAROLINA/A01841602/2015,A/SWINE/MINNESOTA/A01134353/2011,5.993699546
A/SWINE/NORTH_CAROLINA/A01841602/2015,A/SWINE/NEBRASKA/A01492366/2014,7.523351807
A/SWINE/NORTH_CAROLINA/A01841602/2015,A/SWINE/ILLINOIS/A01644323/2018,6.892535615
A/SWINE/NORTH_CAROLINA/A01841602/2015,A/SWINE/OKLAHOMA/A01409770/2014,9.838190045
A/SWINE/NORTH_CAROLINA/A01841602/2015,A/SWINE/ILLINOIS/A02139356/2018,11.36553149
A/SWINE/NORTH_CAROLINA/A01841602/2015,A/SWINE/MICHIGAN/A01104117/2018,8.787894691
A/SWINE/OHIO/A01847657/2015,A/OHIO/9/2015,1.902046719
A/SWINE/OHIO/A01847657/2015,A/SWINE/ILLINOIS/A01493472/2014,5.916542687
A/SWINE/OHIO/A01847657/2015,A/SWINE/MINNESOTA/A01567490/2014,5.209783673
A/SWINE/OHIO/A01847657/2015,A/MEXICO/4108/2009,5.541392955
A/SWINE/OHIO/A01847657/2015,A/SWINE/NORTH_CAROLINA/A01797415/2015,4.778059698
A/SWINE/OHIO/A01847657/2015,A/SWINE/IOWA/A01731653/2016,6.212321743
A/SWINE/OHIO/A01847657/2015,A/SWINE/MEXICO/AVX31/2012,5.424175266
A/SWINE/OHIO/A01847657/2015,A/SWINE/MEXICO/AVX23/2012,6.564273064
A/SWINE/OHIO/A01847657/2015,A/SWINE/MEXICO/AVX44/2012,5.342322138
A/SWINE/OHIO/A01847657/2015,A/SWINE/MEXICO/AVX18/2012,5.834831678
A/SWINE/OHIO/A01847657/2015,A/SWINE/MEXICO/AVX61/2013,6.772730767
A/SWINE/OHIO/A01847657/2015,A/SWINE/ALBERTA/SD0125/2015,7.323424934
A/SWINE/OHIO/A01847657/2015,A/SWINE/SASKATCHEWAN/SD0094/2015,6.146106185
A/SWINE/OHIO/A01847657/2015,A/SWINE/ALBERTA/SD0014/2013,7.972554427
A/SWINE/OHIO/A01847657/2015,A/SWINE/ALBERTA/SD0154/2016,5.734247239
A/SWINE/OHIO/A01847657/2015,A/SWINE/MANITOBA/D0333/2014,4.94549294
A/SWINE/OHIO/A01847657/2015,A/SWINE/MANITOBA/D0392/2014,12.03727694
A/SWINE/OHIO/A01847657/2015,A/SWINE/SASKATCHEWAN/SD0102/2015,11.22797424
A/SWINE/OHIO/A01847657/2015,A/SWINE/MANITOBA/SD0114/2015,10.02364473
A/SWINE/OHIO/A01847657/2015,A/SWINE/ALBERTA/SD0191/2016,9.29257507
A/SWINE/OHIO/A01847657/2015,A/SWINE/SASKATCHEWAN/SD0200/2016,8.7247801
A/SWINE/OHIO/A01847657/2015,A/SWINE/MANITOBA/D0348/2014,9.07134134
A/SWINE/OHIO/A01847657/2015,A/MINNESOTA/45/2016,11.65125839
A/SWINE/OHIO/A01847657/2015,A/SWINE/MINNESOTA/A01781045/2016,10.72762583
A/SWINE/OHIO/A01847657/2015,A/SWINE/NORTH_CAROLINA/A01730369/2016,5.80644434
A/SWINE/OHIO/A01847657/2015,A/SWINE/MINNESOTA/A01134353/2011,5.457054503
A/SWINE/OHIO/A01847657/2015,A/SWINE/NEBRASKA/A01492366/2014,7.131536542
A/SWINE/OHIO/A01847657/2015,A/SWINE/ILLINOIS/A01644323/2018,6.367547301
A/SWINE/OHIO/A01847657/2015,A/SWINE/OKLAHOMA/A01409770/2014,9.450688398
A/SWINE/OHIO/A01847657/2015,A/SWINE/ILLINOIS/A02139356/2018,10.84732215
A/SWINE/OHIO/A01847657/2015,A/SWINE/MICHIGAN/A01104117/2018,8.378077065
A/OHIO/9/2015,A/SWINE/ILLINOIS/A01493472/2014,4.31988461
A/OHIO/9/2015,A/SWINE/MINNESOTA/A01567490/2014,3.678067667
A/OHIO/9/2015,A/MEXICO/4108/2009,3.923344049
A/OHIO/9/2015,A/SWINE/NORTH_CAROLINA/A01797415/2015,3.257282847
A/OHIO/9/2015,A/SWINE/IOWA/A01731653/2016,4.673884789
A/OHIO/9/2015,A/SWINE/MEXICO/AVX31/2012,3.59853704
A/OHIO/9/2015,A/SWINE/MEXICO/AVX23/2012,4.862130705
A/OHIO/9/2015,A/SWINE/MEXICO/AVX44/2012,3.717084102
A/OHIO/9/2015,A/SWINE/MEXICO/AVX18/2012,5.338118368
A/OHIO/9/2015,A/SWINE/MEXICO/AVX61/2013,5.419766976
A/OHIO/9/2015,A/SWINE/ALBERTA/SD0125/2015,5.430179045
A/OHIO/9/2015,A/SWINE/SASKATCHEWAN/SD0094/2015,4.287853786
A/OHIO/9/2015,A/SWINE/ALBERTA/SD0014/2013,6.212831903
A/OHIO/9/2015,A/SWINE/ALBERTA/SD0154/2016,3.837159491
A/OHIO/9/2015,A/SWINE/MANITOBA/D0333/2014,4.17259001
A/OHIO/9/2015,A/SWINE/MANITOBA/D0392/2014,11.57945215
A/OHIO/9/2015,A/SWINE/SASKATCHEWAN/SD0102/2015,10.44150619
A/OHIO/9/2015,A/SWINE/MANITOBA/SD0114/2015,8.87174344
A/OHIO/9/2015,A/SWINE/ALBERTA/SD0191/2016,8.399402513
A/OHIO/9/2015,A/SWINE/SASKATCHEWAN/SD0200/2016,7.856417536
A/OHIO/9/2015,A/SWINE/MANITOBA/D0348/2014,8.152543043
A/OHIO/9/2015,A/MINNESOTA/45/2016,10.62485893
A/OHIO/9/2015,A/SWINE/MINNESOTA/A01781045/2016,9.491278241
A/OHIO/9/2015,A/SWINE/NORTH_CAROLINA/A01730369/2016,4.230927621
A/OHIO/9/2015,A/SWINE/MINNESOTA/A01134353/2011,3.823089105
A/OHIO/9/2015,A/SWINE/NEBRASKA/A01492366/2014,5.879632069
A/OHIO/9/2015,A/SWINE/ILLINOIS/A01644323/2018,4.924358438
A/OHIO/9/2015,A/SWINE/OKLAHOMA/A01409770/2014,8.266852645
A/OHIO/9/2015,A/SWINE/ILLINOIS/A02139356/2018,9.794273453
A/OHIO/9/2015,A/SWINE/MICHIGAN/A01104117/2018,7.310502216
A/SWINE/ILLINOIS/A01493472/2014,A/SWINE/MINNESOTA/A01567490/2014,2.090549856
A/SWINE/ILLINOIS/A01493472/2014,A/MEXICO/4108/2009,0.413703365
A/SWINE/ILLINOIS/A01493472/2014,A/SWINE/NORTH_CAROLINA/A01797415/2015,3.562700488
A/SWINE/ILLINOIS/A01493472/2014,A/SWINE/IOWA/A01731653/2016,3.781835598
A/SWINE/ILLINOIS/A01493472/2014,A/SWINE/MEXICO/AVX31/2012,1.569855565
A/SWINE/ILLINOIS/A01493472/2014,A/SWINE/MEXICO/AVX23/2012,2.437942376
A/SWINE/ILLINOIS/A01493472/2014,A/SWINE/MEXICO/AVX44/2012,4.207206068
A/SWINE/ILLINOIS/A01493472/2014,A/SWINE/MEXICO/AVX18/2012,8.458546521
A/SWINE/ILLINOIS/A01493472/2014,A/SWINE/MEXICO/AVX61/2013,6.959920069
A/SWINE/ILLINOIS/A01493472/2014,A/SWINE/ALBERTA/SD0125/2015,3.265655079
A/SWINE/ILLINOIS/A01493472/2014,A/SWINE/SASKATCHEWAN/SD0094/2015,3.907558284
A/SWINE/ILLINOIS/A01493472/2014,A/SWINE/ALBERTA/SD0014/2013,4.93848818
A/SWINE/ILLINOIS/A01493472/2014,A/SWINE/ALBERTA/SD0154/2016,2.442687248
A/SWINE/ILLINOIS/A01493472/2014,A/SWINE/MANITOBA/D0333/2014,6.465044848
A/SWINE/ILLINOIS/A01493472/2014,A/SWINE/MANITOBA/D0392/2014,14.16127451
A/SWINE/ILLINOIS/A01493472/2014,A/SWINE/SASKATCHEWAN/SD0102/2015,12.53024588
A/SWINE/ILLINOIS/A01493472/2014,A/SWINE/MANITOBA/SD0114/2015,10.24372997
A/SWINE/ILLINOIS/A01493472/2014,A/SWINE/ALBERTA/SD0191/2016,10.46320826
A/SWINE/ILLINOIS/A01493472/2014,A/SWINE/SASKATCHEWAN/SD0200/2016,10.05577283
A/SWINE/ILLINOIS/A01493472/2014,A/SWINE/MANITOBA/D0348/2014,10.21964117
A/SWINE/ILLINOIS/A01493472/2014,A/MINNESOTA/45/2016,12.15954619
A/SWINE/ILLINOIS/A01493472/2014,A/SWINE/MINNESOTA/A01781045/2016,10.59560416
A/SWINE/ILLINOIS/A01493472/2014,A/SWINE/NORTH_CAROLINA/A01730369/2016,5.358134501
A/SWINE/ILLINOIS/A01493472/2014,A/SWINE/MINNESOTA/A01134353/2011,4.83832746
A/SWINE/ILLINOIS/A01493472/2014,A/SWINE/NEBRASKA/A01492366/2014,7.559065262
A/SWINE/ILLINOIS/A01493472/2014,A/SWINE/ILLINOIS/A01644323/2018,6.334504451
A/SWINE/ILLINOIS/A01493472/2014,A/SWINE/OKLAHOMA/A01409770/2014,9.678235368
A/SWINE/ILLINOIS/A01493472/2014,A/SWINE/ILLINOIS/A02139356/2018,11.37686564
A/SWINE/ILLINOIS/A01493472/2014,A/SWINE/MICHIGAN/A01104117/2018,9.146827423
A/SWINE/MINNESOTA/A01567490/2014,A/MEXICO/4108/2009,1.817677962
A/SWINE/MINNESOTA/A01567490/2014,A/SWINE/NORTH_CAROLINA/A01797415/2015,1.743079765
A/SWINE/MINNESOTA/A01567490/2014,A/SWINE/IOWA/A01731653/2016,2.039651497
A/SWINE/MINNESOTA/A01567490/2014,A/SWINE/MEXICO/AVX31/2012,1.765998407
A/SWINE/MINNESOTA/A01567490/2014,A/SWINE/MEXICO/AVX23/2012,1.580004973
A/SWINE/MINNESOTA/A01567490/2014,A/SWINE/MEXICO/AVX44/2012,4.772876586
A/SWINE/MINNESOTA/A01567490/2014,A/SWINE/MEXICO/AVX18/2012,7.275770368
A/SWINE/MINNESOTA/A01567490/2014,A/SWINE/MEXICO/AVX61/2013,6.491689494
A/SWINE/MINNESOTA/A01567490/2014,A/SWINE/ALBERTA/SD0125/2015,3.430239075
A/SWINE/MINNESOTA/A01567490/2014,A/SWINE/SASKATCHEWAN/SD0094/2015,3.812538243
A/SWINE/MINNESOTA/A01567490/2014,A/SWINE/ALBERTA/SD0014/2013,5.89591335
A/SWINE/MINNESOTA/A01567490/2014,A/SWINE/ALBERTA/SD0154/2016,2.644186817
A/SWINE/MINNESOTA/A01567490/2014,A/SWINE/MANITOBA/D0333/2014,6.817045704
A/SWINE/MINNESOTA/A01567490/2014,A/SWINE/MANITOBA/D0392/2014,12.99964119
A/SWINE/MINNESOTA/A01567490/2014,A/SWINE/SASKATCHEWAN/SD0102/2015,12.09070363
A/SWINE/MINNESOTA/A01567490/2014,A/SWINE/MANITOBA/SD0114/2015,10.05379084
A/SWINE/MINNESOTA/A01567490/2014,A/SWINE/ALBERTA/SD0191/2016,10.04667386
A/SWINE/MINNESOTA/A01567490/2014,A/SWINE/SASKATCHEWAN/SD0200/2016,9.539832326
A/SWINE/MINNESOTA/A01567490/2014,A/SWINE/MANITOBA/D0348/2014,9.671838551
A/SWINE/MINNESOTA/A01567490/2014,A/MINNESOTA/45/2016,11.31345044
A/SWINE/MINNESOTA/A01567490/2014,A/SWINE/MINNESOTA/A01781045/2016,9.869326729
A/SWINE/MINNESOTA/A01567490/2014,A/SWINE/NORTH_CAROLINA/A01730369/2016,5.303218702
A/SWINE/MINNESOTA/A01567490/2014,A/SWINE/MINNESOTA/A01134353/2011,4.901775652
A/SWINE/MINNESOTA/A01567490/2014,A/SWINE/NEBRASKA/A01492366/2014,6.783939572
A/SWINE/MINNESOTA/A01567490/2014,A/SWINE/ILLINOIS/A01644323/2018,5.987876637
A/SWINE/MINNESOTA/A01567490/2014,A/SWINE/OKLAHOMA/A01409770/2014,8.915089
A/SWINE/MINNESOTA/A01567490/2014,A/SWINE/ILLINOIS/A02139356/2018,10.71519718
A/SWINE/MINNESOTA/A01567490/2014,A/SWINE/MICHIGAN/A01104117/2018,8.276759498
A/MEXICO/4108/2009,A/SWINE/NORTH_CAROLINA/A01797415/2015,3.219026466
A/MEXICO/4108/2009,A/SWINE/IOWA/A01731653/2016,3.556728509
A/MEXICO/4108/2009,A/SWINE/MEXICO/AVX31/2012,1.295084588
A/MEXICO/4108/2009,A/SWINE/MEXICO/AVX23/2012,2.340882304
A/MEXICO/4108/2009,A/SWINE/MEXICO/AVX44/2012,3.987435105
A/MEXICO/4108/2009,A/SWINE/MEXICO/AVX18/2012,8.076409934
A/MEXICO/4108/2009,A/SWINE/MEXICO/AVX61/2013,6.675094288
A/MEXICO/4108/2009,A/SWINE/ALBERTA/SD0125/2015,3.219043098
A/MEXICO/4108/2009,A/SWINE/SASKATCHEWAN/SD0094/2015,3.689459377
A/MEXICO/4108/2009,A/SWINE/ALBERTA/SD0014/2013,4.912217178
A/MEXICO/4108/2009,A/SWINE/ALBERTA/SD0154/2016,2.23005184
A/MEXICO/4108/2009,A/SWINE/MANITOBA/D0333/2014,6.196261049
A/MEXICO/4108/2009,A/SWINE/MANITOBA/D0392/2014,13.82604924
A/MEXICO/4108/2009,A/SWINE/SASKATCHEWAN/SD0102/2015,12.2554439
A/MEXICO/4108/2009,A/SWINE/MANITOBA/SD0114/2015,10.01562539
A/MEXICO/4108/2009,A/SWINE/ALBERTA/SD0191/2016,10.18201727
A/MEXICO/4108/2009,A/SWINE/SASKATCHEWAN/SD0200/2016,9.759192903
A/MEXICO/4108/2009,A/SWINE/MANITOBA/D0348/2014,9.92952161
A/MEXICO/4108/2009,A/MINNESOTA/45/2016,11.89624693
A/MEXICO/4108/2009,A/SWINE/MINNESOTA/A01781045/2016,10.35829397
A/MEXICO/4108/2009,A/SWINE/NORTH_CAROLINA/A01730369/2016,5.091345278
A/MEXICO/4108/2009,A/SWINE/MINNESOTA/A01134353/2011,4.571443225
A/MEXICO/4108/2009,A/SWINE/NEBRASKA/A01492366/2014,7.258204198
A/MEXICO/4108/2009,A/SWINE/ILLINOIS/A01644323/2018,6.054204688
A/MEXICO/4108/2009,A/SWINE/OKLAHOMA/A01409770/2014,9.412934415
A/MEXICO/4108/2009,A/SWINE/ILLINOIS/A02139356/2018,11.11583898
A/MEXICO/4108/2009,A/SWINE/MICHIGAN/A01104117/2018,8.846784655
A/SWINE/NORTH_CAROLINA/A01797415/2015,A/SWINE/IOWA/A01731653/2016,1.449997264
A/SWINE/NORTH_CAROLINA/A01797415/2015,A/SWINE/MEXICO/AVX31/2012,2.482833898
A/SWINE/NORTH_CAROLINA/A01797415/2015,A/SWINE/MEXICO/AVX23/2012,2.325614098
A/SWINE/NORTH_CAROLINA/A01797415/2015,A/SWINE/MEXICO/AVX44/2012,4.648328585
A/SWINE/NORTH_CAROLINA/A01797415/2015,A/SWINE/MEXICO/AVX18/2012,5.68290821
A/SWINE/NORTH_CAROLINA/A01797415/2015,A/SWINE/MEXICO/AVX61/2013,5.341606502
A/SWINE/NORTH_CAROLINA/A01797415/2015,A/SWINE/ALBERTA/SD0125/2015,3.604345817
A/SWINE/NORTH_CAROLINA/A01797415/2015,A/SWINE/SASKATCHEWAN/SD0094/2015,3.354315916
A/SWINE/NORTH_CAROLINA/A01797415/2015,A/SWINE/ALBERTA/SD0014/2013,6.0049738
A/SWINE/NORTH_CAROLINA/A01797415/2015,A/SWINE/ALBERTA/SD0154/2016,2.826394212
A/SWINE/NORTH_CAROLINA/A01797415/2015,A/SWINE/MANITOBA/D0333/2014,6.418907878
A/SWINE/NORTH_CAROLINA/A01797415/2015,A/SWINE/MANITOBA/D0392/2014,11.34283332
A/SWINE/NORTH_CAROLINA/A01797415/2015,A/SWINE/SASKATCHEWAN/SD0102/2015,10.79801883
A/SWINE/NORTH_CAROLINA/A01797415/2015,A/SWINE/MANITOBA/SD0114/2015,8.978715189
A/SWINE/NORTH_CAROLINA/A01797415/2015,A/SWINE/ALBERTA/SD0191/2016,8.801517896
A/SWINE/NORTH_CAROLINA/A01797415/2015,A/SWINE/SASKATCHEWAN/SD0200/2016,8.240987549
A/SWINE/NORTH_CAROLINA/A01797415/2015,A/SWINE/MANITOBA/D0348/2014,8.35277726
A/SWINE/NORTH_CAROLINA/A01797415/2015,A/MINNESOTA/45/2016,9.863518904
A/SWINE/NORTH_CAROLINA/A01797415/2015,A/SWINE/MINNESOTA/A01781045/2016,8.535513453
A/SWINE/NORTH_CAROLINA/A01797415/2015,A/SWINE/NORTH_CAROLINA/A01730369/2016,4.572195187
A/SWINE/NORTH_CAROLINA/A01797415/2015,A/SWINE/MINNESOTA/A01134353/2011,4.322885158
A/SWINE/NORTH_CAROLINA/A01797415/2015,A/SWINE/NEBRASKA/A01492366/2014,5.415368003
A/SWINE/NORTH_CAROLINA/A01797415/2015,A/SWINE/ILLINOIS/A01644323/2018,4.960473411
A/SWINE/NORTH_CAROLINA/A01797415/2015,A/SWINE/OKLAHOMA/A01409770/2014,7.534805836
A/SWINE/NORTH_CAROLINA/A01797415/2015,A/SWINE/ILLINOIS/A02139356/2018,9.348026836
A/SWINE/NORTH_CAROLINA/A01797415/2015,A/SWINE/MICHIGAN/A01104117/2018,6.813466037
A/SWINE/IOWA/A01731653/2016,A/SWINE/MEXICO/AVX31/2012,2.852987739
A/SWINE/IOWA/A01731653/2016,A/SWINE/MEXICO/AVX23/2012,1.65809732
A/SWINE/IOWA/A01731653/2016,A/SWINE/MEXICO/AVX44/2012,5.450044999
A/SWINE/IOWA/A01731653/2016,A/SWINE/MEXICO/AVX18/2012,6.559741953
A/SWINE/IOWA/A01731653/2016,A/SWINE/MEXICO/AVX61/2013,5.900138042
A/SWINE/IOWA/A01731653/2016,A/SWINE/ALBERTA/SD0125/2015,3.221618841
A/SWINE/IOWA/A01731653/2016,A/SWINE/SASKATCHEWAN/SD0094/2015,3.663656468
A/SWINE/IOWA/A01731653/2016,A/SWINE/ALBERTA/SD0014/2013,6.192837385
A/SWINE/IOWA/A01731653/2016,A/SWINE/ALBERTA/SD0154/2016,3.155876984
A/SWINE/IOWA/A01731653/2016,A/SWINE/MANITOBA/D0333/2014,7.545200265
A/SWINE/IOWA/A01731653/2016,A/SWINE/MANITOBA/D0392/2014,11.73486895
A/SWINE/IOWA/A01731653/2016,A/SWINE/SASKATCHEWAN/SD0102/2015,11.30916855
A/SWINE/IOWA/A01731653/2016,A/SWINE/MANITOBA/SD0114/2015,9.374486737
A/SWINE/IOWA/A01731653/2016,A/SWINE/ALBERTA/SD0191/2016,9.378102995
A/SWINE/IOWA/A01731653/2016,A/SWINE/SASKATCHEWAN/SD0200/2016,8.850072029
A/SWINE/IOWA/A01731653/2016,A/SWINE/MANITOBA/D0348/2014,8.887017514
A/SWINE/IOWA/A01731653/2016,A/MINNESOTA/45/2016,9.967588362
A/SWINE/IOWA/A01731653/2016,A/SWINE/MINNESOTA/A01781045/2016,8.553824324
A/SWINE/IOWA/A01731653/2016,A/SWINE/NORTH_CAROLINA/A01730369/2016,5.278735664
A/SWINE/IOWA/A01731653/2016,A/SWINE/MINNESOTA/A01134353/2011,5.089340427
A/SWINE/IOWA/A01731653/2016,A/SWINE/NEBRASKA/A01492366/2014,5.869066167
A/SWINE/IOWA/A01731653/2016,A/SWINE/ILLINOIS/A01644323/2018,5.572014359
A/SWINE/IOWA/A01731653/2016,A/SWINE/OKLAHOMA/A01409770/2014,7.71900291
A/SWINE/IOWA/A01731653/2016,A/SWINE/ILLINOIS/A02139356/2018,9.579787071
A/SWINE/IOWA/A01731653/2016,A/SWINE/MICHIGAN/A01104117/2018,7.177656092
A/SWINE/MEXICO/AVX31/2012,A/SWINE/MEXICO/AVX23/2012,1.86707895
A/SWINE/MEXICO/AVX31/2012,A/SWINE/MEXICO/AVX44/2012,3.235612094
A/SWINE/MEXICO/AVX31/2012,A/SWINE/MEXICO/AVX18/2012,7.013613087
A/SWINE/MEXICO/AVX31/2012,A/SWINE/MEXICO/AVX61/2013,5.454819215
A/SWINE/MEXICO/AVX31/2012,A/SWINE/ALBERTA/SD0125/2015,2.239280367
A/SWINE/MEXICO/AVX31/2012,A/SWINE/SASKATCHEWAN/SD0094/2015,2.446137544
A/SWINE/MEXICO/AVX31/2012,A/SWINE/ALBERTA/SD0014/2013,4.156518655
A/SWINE/MEXICO/AVX31/2012,A/SWINE/ALBERTA/SD0154/2016,1.025237677
A/SWINE/MEXICO/AVX31/2012,A/SWINE/MANITOBA/D0333/2014,5.62213173
A/SWINE/MEXICO/AVX31/2012,A/SWINE/MANITOBA/D0392/2014,12.60504
A/SWINE/MEXICO/AVX31/2012,A/SWINE/SASKATCHEWAN/SD0102/2015,11.06117985
A/SWINE/MEXICO/AVX31/2012,A/SWINE/MANITOBA/SD0114/2015,8.827657557
A/SWINE/MEXICO/AVX31/2012,A/SWINE/ALBERTA/SD0191/2016,9.001111091
A/SWINE/MEXICO/AVX31/2012,A/SWINE/SASKATCHEWAN/SD0200/2016,8.573843092
A/SWINE/MEXICO/AVX31/2012,A/SWINE/MANITOBA/D0348/2014,8.718816844
A/SWINE/MEXICO/AVX31/2012,A/MINNESOTA/45/2016,10.60554095
A/SWINE/MEXICO/AVX31/2012,A/SWINE/MINNESOTA/A01781045/2016,9.065007964
A/SWINE/MEXICO/AVX31/2012,A/SWINE/NORTH_CAROLINA/A01730369/2016,3.986653848
A/SWINE/MEXICO/AVX31/2012,A/SWINE/MINNESOTA/A01134353/2011,3.530375529
A/SWINE/MEXICO/AVX31/2012,A/SWINE/NEBRASKA/A01492366/2014,6.001484924
A/SWINE/MEXICO/AVX31/2012,A/SWINE/ILLINOIS/A01644323/2018,4.859348872
A/SWINE/MEXICO/AVX31/2012,A/SWINE/OKLAHOMA/A01409770/2014,8.125849334
A/SWINE/MEXICO/AVX31/2012,A/SWINE/ILLINOIS/A02139356/2018,9.84061692
A/SWINE/MEXICO/AVX31/2012,A/SWINE/MICHIGAN/A01104117/2018,7.5826838
A/SWINE/MEXICO/AVX23/2012,A/SWINE/MEXICO/AVX44/2012,4.926876593
A/SWINE/MEXICO/AVX23/2012,A/SWINE/MEXICO/AVX18/2012,7.591884228
A/SWINE/MEXICO/AVX23/2012,A/SWINE/MEXICO/AVX61/2013,6.272983606
A/SWINE/MEXICO/AVX23/2012,A/SWINE/ALBERTA/SD0125/2015,2.291658597
A/SWINE/MEXICO/AVX23/2012,A/SWINE/SASKATCHEWAN/SD0094/2015,3.358210318
A/SWINE/MEXICO/AVX23/2012,A/SWINE/ALBERTA/SD0014/2013,5.30786206
A/SWINE/MEXICO/AVX23/2012,A/SWINE/ALBERTA/SD0154/2016,2.36657062
A/SWINE/MEXICO/AVX23/2012,A/SWINE/MANITOBA/D0333/2014,7.341879521
A/SWINE/MEXICO/AVX23/2012,A/SWINE/MANITOBA/D0392/2014,12.85010543
A/SWINE/MEXICO/AVX23/2012,A/SWINE/SASKATCHEWAN/SD0102/2015,11.83446312
A/SWINE/MEXICO/AVX23/2012,A/SWINE/MANITOBA/SD0114/2015,9.633490592
A/SWINE/MEXICO/AVX23/2012,A/SWINE/ALBERTA/SD0191/2016,9.849350584
A/SWINE/MEXICO/AVX23/2012,A/SWINE/SASKATCHEWAN/SD0200/2016,9.394075041
A/SWINE/MEXICO/AVX23/2012,A/SWINE/MANITOBA/D0348/2014,9.454734696
A/SWINE/MEXICO/AVX23/2012,A/MINNESOTA/45/2016,10.77303469
A/SWINE/MEXICO/AVX23/2012,A/SWINE/MINNESOTA/A01781045/2016,9.2168077
A/SWINE/MEXICO/AVX23/2012,A/SWINE/NORTH_CAROLINA/A01730369/2016,5.227641877
A/SWINE/MEXICO/AVX23/2012,A/SWINE/MINNESOTA/A01134353/2011,4.916792484
A/SWINE/MEXICO/AVX23/2012,A/SWINE/NEBRASKA/A01492366/2014,6.526219481
A/SWINE/MEXICO/AVX23/2012,A/SWINE/ILLINOIS/A01644323/2018,5.80944377
A/SWINE/MEXICO/AVX23/2012,A/SWINE/OKLAHOMA/A01409770/2014,8.416417801
A/SWINE/MEXICO/AVX23/2012,A/SWINE/ILLINOIS/A02139356/2018,10.23368498
A/SWINE/MEXICO/AVX23/2012,A/SWINE/MICHIGAN/A01104117/2018,7.971383608
A/SWINE/MEXICO/AVX44/2012,A/SWINE/MEXICO/AVX18/2012,6.090153178
A/SWINE/MEXICO/AVX44/2012,A/SWINE/MEXICO/AVX61/2013,3.820791256
A/SWINE/MEXICO/AVX44/2012,A/SWINE/ALBERTA/SD0125/2015,3.818463491
A/SWINE/MEXICO/AVX44/2012,A/SWINE/SASKATCHEWAN/SD0094/2015,2.388768545
A/SWINE/MEXICO/AVX44/2012,A/SWINE/ALBERTA/SD0014/2013,2.720695982
A/SWINE/MEXICO/AVX44/2012,A/SWINE/ALBERTA/SD0154/2016,2.588547071
A/SWINE/MEXICO/AVX44/2012,A/SWINE/MANITOBA/D0333/2014,2.735232777
A/SWINE/MEXICO/AVX44/2012,A/SWINE/MANITOBA/D0392/2014,11.39344641
A/SWINE/MEXICO/AVX44/2012,A/SWINE/SASKATCHEWAN/SD0102/2015,8.846557519
A/SWINE/MEXICO/AVX44/2012,A/SWINE/MANITOBA/SD0114/2015,6.620203069
A/SWINE/MEXICO/AVX44/2012,A/SWINE/ALBERTA/SD0191/2016,6.798434628
A/SWINE/MEXICO/AVX44/2012,A/SWINE/SASKATCHEWAN/SD0200/2016,6.495828751
A/SWINE/MEXICO/AVX44/2012,A/SWINE/MANITOBA/D0348/2014,6.751538244
A/SWINE/MEXICO/AVX44/2012,A/MINNESOTA/45/2016,9.417167123
A/SWINE/MEXICO/AVX44/2012,A/SWINE/MINNESOTA/A01781045/2016,7.990744571
A/SWINE/MEXICO/AVX44/2012,A/SWINE/NORTH_CAROLINA/A01730369/2016,1.889421138
A/SWINE/MEXICO/AVX44/2012,A/SWINE/MINNESOTA/A01134353/2011,1.319544513
A/SWINE/MEXICO/AVX44/2012,A/SWINE/NEBRASKA/A01492366/2014,4.862383979
A/SWINE/MEXICO/AVX44/2012,A/SWINE/ILLINOIS/A01644323/2018,3.116944305
A/SWINE/MEXICO/AVX44/2012,A/SWINE/OKLAHOMA/A01409770/2014,6.955755482
A/SWINE/MEXICO/AVX44/2012,A/SWINE/ILLINOIS/A02139356/2018,8.307771869
A/SWINE/MEXICO/AVX44/2012,A/SWINE/MICHIGAN/A01104117/2018,6.402393132
A/SWINE/MEXICO/AVX18/2012,A/SWINE/MEXICO/AVX61/2013,3.552867417
A/SWINE/MEXICO/AVX18/2012,A/SWINE/ALBERTA/SD0125/2015,7.304796468
A/SWINE/MEXICO/AVX18/2012,A/SWINE/SASKATCHEWAN/SD0094/2015,5.645010593
A/SWINE/MEXICO/AVX18/2012,A/SWINE/ALBERTA/SD0014/2013,7.779997359
A/SWINE/MEXICO/AVX18/2012,A/SWINE/ALBERTA/SD0154/2016,6.545836664
A/SWINE/MEXICO/AVX18/2012,A/SWINE/MANITOBA/D0333/2014,5.816045206
A/SWINE/MEXICO/AVX18/2012,A/SWINE/MANITOBA/D0392/2014,6.273258419
A/SWINE/MEXICO/AVX18/2012,A/SWINE/SASKATCHEWAN/SD0102/2015,6.375770934
A/SWINE/MEXICO/AVX18/2012,A/SWINE/MANITOBA/SD0114/2015,5.909461235
A/SWINE/MEXICO/AVX18/2012,A/SWINE/ALBERTA/SD0191/2016,4.765844041
A/SWINE/MEXICO/AVX18/2012,A/SWINE/SASKATCHEWAN/SD0200/2016,4.064950288
A/SWINE/MEXICO/AVX18/2012,A/SWINE/MANITOBA/D0348/2014,4.241856285
A/SWINE/MEXICO/AVX18/2012,A/MINNESOTA/45/2016,6.124372294
A/SWINE/MEXICO/AVX18/2012,A/SWINE/MINNESOTA/A01781045/2016,5.66733432
A/SWINE/MEXICO/AVX18/2012,A/SWINE/NORTH_CAROLINA/A01730369/2016,4.641924901
A/SWINE/MEXICO/AVX18/2012,A/SWINE/MINNESOTA/A01134353/2011,4.971157706
A/SWINE/MEXICO/AVX18/2012,A/SWINE/NEBRASKA/A01492366/2014,2.957582374
A/SWINE/MEXICO/AVX18/2012,A/SWINE/ILLINOIS/A01644323/2018,3.873568113
A/SWINE/MEXICO/AVX18/2012,A/SWINE/OKLAHOMA/A01409770/2014,4.426958339
A/SWINE/MEXICO/AVX18/2012,A/SWINE/ILLINOIS/A02139356/2018,5.592401418
A/SWINE/MEXICO/AVX18/2012,A/SWINE/MICHIGAN/A01104117/2018,3.224736492
A/SWINE/MEXICO/AVX61/2013,A/SWINE/ALBERTA/SD0125/2015,4.983483193
A/SWINE/MEXICO/AVX61/2013,A/SWINE/SASKATCHEWAN/SD0094/2015,3.228827543
A/SWINE/MEXICO/AVX61/2013,A/SWINE/ALBERTA/SD0014/2013,4.584076622
A/SWINE/MEXICO/AVX61/2013,A/SWINE/ALBERTA/SD0154/2016,4.587775103
A/SWINE/MEXICO/AVX61/2013,A/SWINE/MANITOBA/D0333/2014,4.485837339
A/SWINE/MEXICO/AVX61/2013,A/SWINE/MANITOBA/D0392/2014,7.704096389
A/SWINE/MEXICO/AVX61/2013,A/SWINE/SASKATCHEWAN/SD0102/2015,5.625542192
A/SWINE/MEXICO/AVX61/2013,A/SWINE/MANITOBA/SD0114/2015,3.672873898
A/SWINE/MEXICO/AVX61/2013,A/SWINE/ALBERTA/SD0191/2016,3.588068883
A/SWINE/MEXICO/AVX61/2013,A/SWINE/SASKATCHEWAN/SD0200/2016,3.156698256
A/SWINE/MEXICO/AVX61/2013,A/SWINE/MANITOBA/D0348/2014,3.267332815
A/SWINE/MEXICO/AVX61/2013,A/MINNESOTA/45/2016,5.641100694
A/SWINE/MEXICO/AVX61/2013,A/SWINE/MINNESOTA/A01781045/2016,4.346800523
A/SWINE/MEXICO/AVX61/2013,A/SWINE/NORTH_CAROLINA/A01730369/2016,1.935199368
A/SWINE/MEXICO/AVX61/2013,A/SWINE/MINNESOTA/A01134353/2011,2.530827193
A/SWINE/MEXICO/AVX61/2013,A/SWINE/NEBRASKA/A01492366/2014,1.209568538
A/SWINE/MEXICO/AVX61/2013,A/SWINE/ILLINOIS/A01644323/2018,0.707671641
A/SWINE/MEXICO/AVX61/2013,A/SWINE/OKLAHOMA/A01409770/2014,3.192083375
A/SWINE/MEXICO/AVX61/2013,A/SWINE/ILLINOIS/A02139356/2018,4.613070478
A/SWINE/MEXICO/AVX61/2013,A/SWINE/MICHIGAN/A01104117/2018,2.601303159
A/SWINE/ALBERTA/SD0125/2015,A/SWINE/SASKATCHEWAN/SD0094/2015,1.944091044
A/SWINE/ALBERTA/SD0125/2015,A/SWINE/ALBERTA/SD0014/2013,3.277972438
A/SWINE/ALBERTA/SD0125/2015,A/SWINE/ALBERTA/SD0154/2016,1.678549875
A/SWINE/ALBERTA/SD0125/2015,A/SWINE/MANITOBA/D0333/2014,6.485689958
A/SWINE/ALBERTA/SD0125/2015,A/SWINE/MANITOBA/D0392/2014,12.06566374
A/SWINE/ALBERTA/SD0125/2015,A/SWINE/SASKATCHEWAN/SD0102/2015,10.35135996
A/SWINE/ALBERTA/SD0125/2015,A/SWINE/MANITOBA/SD0114/2015,7.905042922
A/SWINE/ALBERTA/SD0125/2015,A/SWINE/ALBERTA/SD0191/2016,8.420928248
A/SWINE/ALBERTA/SD0125/2015,A/SWINE/SASKATCHEWAN/SD0200/2016,8.08468044
A/SWINE/ALBERTA/SD0125/2015,A/SWINE/MANITOBA/D0348/2014,8.114749656
A/SWINE/ALBERTA/SD0125/2015,A/MINNESOTA/45/2016,9.511083423
A/SWINE/ALBERTA/SD0125/2015,A/SWINE/MINNESOTA/A01781045/2016,7.822588229
A/SWINE/ALBERTA/SD0125/2015,A/SWINE/NORTH_CAROLINA/A01730369/2016,3.919042147
A/SWINE/ALBERTA/SD0125/2015,A/SWINE/MINNESOTA/A01134353/2011,3.710850091
A/SWINE/ALBERTA/SD0125/2015,A/SWINE/NEBRASKA/A01492366/2014,5.453193881
A/SWINE/ALBERTA/SD0125/2015,A/SWINE/ILLINOIS/A01644323/2018,4.500969857
A/SWINE/ALBERTA/SD0125/2015,A/SWINE/OKLAHOMA/A01409770/2014,7.127286672
A/SWINE/ALBERTA/SD0125/2015,A/SWINE/ILLINOIS/A02139356/2018,8.821166814
A/SWINE/ALBERTA/SD0125/2015,A/SWINE/MICHIGAN/A01104117/2018,6.899375368
A/SWINE/SASKATCHEWAN/SD0094/2015,A/SWINE/ALBERTA/SD0014/2013,2.851896536
A/SWINE/SASKATCHEWAN/SD0094/2015,A/SWINE/ALBERTA/SD0154/2016,1.465737052
A/SWINE/SASKATCHEWAN/SD0094/2015,A/SWINE/MANITOBA/D0333/2014,4.795206585
A/SWINE/SASKATCHEWAN/SD0094/2015,A/SWINE/MANITOBA/D0392/2014,10.63919044
A/SWINE/SASKATCHEWAN/SD0094/2015,A/SWINE/SASKATCHEWAN/SD0102/2015,8.759066508
A/SWINE/SASKATCHEWAN/SD0094/2015,A/SWINE/MANITOBA/SD0114/2015,6.436264241
A/SWINE/SASKATCHEWAN/SD0094/2015,A/SWINE/ALBERTA/SD0191/2016,6.743421823
A/SWINE/SASKATCHEWAN/SD0094/2015,A/SWINE/SASKATCHEWAN/SD0200/2016,6.371172854
A/SWINE/SASKATCHEWAN/SD0094/2015,A/SWINE/MANITOBA/D0348/2014,6.468243265
A/SWINE/SASKATCHEWAN/SD0094/2015,A/MINNESOTA/45/2016,8.344547597
A/SWINE/SASKATCHEWAN/SD0094/2015,A/SWINE/MINNESOTA/A01781045/2016,6.761058426
A/SWINE/SASKATCHEWAN/SD0094/2015,A/SWINE/NORTH_CAROLINA/A01730369/2016,2.014083172
A/SWINE/SASKATCHEWAN/SD0094/2015,A/SWINE/MINNESOTA/A01134353/2011,1.851241078
A/SWINE/SASKATCHEWAN/SD0094/2015,A/SWINE/NEBRASKA/A01492366/2014,3.875092519
A/SWINE/SASKATCHEWAN/SD0094/2015,A/SWINE/ILLINOIS/A01644323/2018,2.664118963
A/SWINE/SASKATCHEWAN/SD0094/2015,A/SWINE/OKLAHOMA/A01409770/2014,5.852853167
A/SWINE/SASKATCHEWAN/SD0094/2015,A/SWINE/ILLINOIS/A02139356/2018,7.501035302
A/SWINE/SASKATCHEWAN/SD0094/2015,A/SWINE/MICHIGAN/A01104117/2018,5.439841669
A/SWINE/ALBERTA/SD0014/2013,A/SWINE/ALBERTA/SD0154/2016,3.298068025
A/SWINE/ALBERTA/SD0014/2013,A/SWINE/MANITOBA/D0333/2014,4.972873595
A/SWINE/ALBERTA/SD0014/2013,A/SWINE/MANITOBA/D0392/2014,12.12587997
A/SWINE/ALBERTA/SD0014/2013,A/SWINE/SASKATCHEWAN/SD0102/2015,9.111776963
A/SWINE/ALBERTA/SD0014/2013,A/SWINE/MANITOBA/SD0114/2015,6.450923456
A/SWINE/ALBERTA/SD0014/2013,A/SWINE/ALBERTA/SD0191/2016,7.269764027
A/SWINE/ALBERTA/SD0014/2013,A/SWINE/SASKATCHEWAN/SD0200/2016,7.153765187
A/SWINE/ALBERTA/SD0014/2013,A/SWINE/MANITOBA/D0348/2014,7.264439325
A/SWINE/ALBERTA/SD0014/2013,A/MINNESOTA/45/2016,9.376427484
A/SWINE/ALBERTA/SD0014/2013,A/SWINE/MINNESOTA/A01781045/2016,7.72732499
A/SWINE/ALBERTA/SD0014/2013,A/SWINE/NORTH_CAROLINA/A01730369/2016,3.197135606
A/SWINE/ALBERTA/SD0014/2013,A/SWINE/MINNESOTA/A01134353/2011,3.032003241
A/SWINE/ALBERTA/SD0014/2013,A/SWINE/NEBRASKA/A01492366/2014,5.586981867
A/SWINE/ALBERTA/SD0014/2013,A/SWINE/ILLINOIS/A01644323/2018,4.021232979
A/SWINE/ALBERTA/SD0014/2013,A/SWINE/OKLAHOMA/A01409770/2014,7.049617127
A/SWINE/ALBERTA/SD0014/2013,A/SWINE/ILLINOIS/A02139356/2018,8.294411059
A/SWINE/ALBERTA/SD0014/2013,A/SWINE/MICHIGAN/A01104117/2018,6.950520993
A/SWINE/ALBERTA/SD0154/2016,A/SWINE/MANITOBA/D0333/2014,5.149374625
A/SWINE/ALBERTA/SD0154/2016,A/SWINE/MANITOBA/D0392/2014,11.91478045
A/SWINE/ALBERTA/SD0154/2016,A/SWINE/SASKATCHEWAN/SD0102/2015,10.15982395
A/SWINE/ALBERTA/SD0154/2016,A/SWINE/MANITOBA/SD0114/2015,7.857402586
A/SWINE/ALBERTA/SD0154/2016,A/SWINE/ALBERTA/SD0191/2016,8.115643257
A/SWINE/ALBERTA/SD0154/2016,A/SWINE/SASKATCHEWAN/SD0200/2016,7.722335314
A/SWINE/ALBERTA/SD0154/2016,A/SWINE/MANITOBA/D0348/2014,7.852200199
A/SWINE/ALBERTA/SD0154/2016,A/MINNESOTA/45/2016,9.758043149
A/SWINE/ALBERTA/SD0154/2016,A/SWINE/MINNESOTA/A01781045/2016,8.184988226
A/SWINE/ALBERTA/SD0154/2016,A/SWINE/NORTH_CAROLINA/A01730369/2016,3.119854438
A/SWINE/ALBERTA/SD0154/2016,A/SWINE/MINNESOTA/A01134353/2011,2.71281502
A/SWINE/ALBERTA/SD0154/2016,A/SWINE/NEBRASKA/A01492366/2014,5.20602086
A/SWINE/ALBERTA/SD0154/2016,A/SWINE/ILLINOIS/A01644323/2018,3.984048404
A/SWINE/ALBERTA/SD0154/2016,A/SWINE/OKLAHOMA/A01409770/2014,7.268794738
A/SWINE/ALBERTA/SD0154/2016,A/SWINE/ILLINOIS/A02139356/2018,8.946129432
A/SWINE/ALBERTA/SD0154/2016,A/SWINE/MICHIGAN/A01104117/2018,6.791101452
A/SWINE/MANITOBA/D0333/2014,A/SWINE/MANITOBA/D0392/2014,10.9693221
A/SWINE/MANITOBA/D0333/2014,A/SWINE/SASKATCHEWAN/SD0102/2015,8.17580217
A/SWINE/MANITOBA/D0333/2014,A/SWINE/MANITOBA/SD0114/2015,6.557818646
A/SWINE/MANITOBA/D0333/2014,A/SWINE/ALBERTA/SD0191/2016,6.272496556
A/SWINE/MANITOBA/D0333/2014,A/SWINE/SASKATCHEWAN/SD0200/2016,6.00225576
A/SWINE/MANITOBA/D0333/2014,A/SWINE/MANITOBA/D0348/2014,6.415322021
A/SWINE/MANITOBA/D0333/2014,A/MINNESOTA/45/2016,9.688491842
A/SWINE/MANITOBA/D0333/2014,A/SWINE/MINNESOTA/A01781045/2016,8.632195265
A/SWINE/MANITOBA/D0333/2014,A/SWINE/NORTH_CAROLINA/A01730369/2016,3.247515616
A/SWINE/MANITOBA/D0333/2014,A/SWINE/MINNESOTA/A01134353/2011,3.02747295
A/SWINE/MANITOBA/D0333/2014,A/SWINE/NEBRASKA/A01492366/2014,5.504987457
A/SWINE/MANITOBA/D0333/2014,A/SWINE/ILLINOIS/A01644323/2018,3.992828645
A/SWINE/MANITOBA/D0333/2014,A/SWINE/OKLAHOMA/A01409770/2014,7.476623859
A/SWINE/MANITOBA/D0333/2014,A/SWINE/ILLINOIS/A02139356/2018,8.436029273
A/SWINE/MANITOBA/D0333/2014,A/SWINE/MICHIGAN/A01104117/2018,6.733958716
A/SWINE/MANITOBA/D0392/2014,A/SWINE/SASKATCHEWAN/SD0102/2015,5.014741165
A/SWINE/MANITOBA/D0392/2014,A/SWINE/MANITOBA/SD0114/2015,6.78947341
A/SWINE/MANITOBA/D0392/2014,A/SWINE/ALBERTA/SD0191/2016,5.664626191
A/SWINE/MANITOBA/D0392/2014,A/SWINE/SASKATCHEWAN/SD0200/2016,5.482031061
A/SWINE/MANITOBA/D0392/2014,A/SWINE/MANITOBA/D0348/2014,5.231279409
A/SWINE/MANITOBA/D0392/2014,A/MINNESOTA/45/2016,3.847860234
A/SWINE/MANITOBA/D0392/2014,A/SWINE/MINNESOTA/A01781045/2016,5.349733372
A/SWINE/MANITOBA/D0392/2014,A/SWINE/NORTH_CAROLINA/A01730369/2016,9.575192867
A/SWINE/MANITOBA/D0392/2014,A/SWINE/MINNESOTA/A01134353/2011,10.127689
A/SWINE/MANITOBA/D0392/2014,A/SWINE/NEBRASKA/A01492366/2014,6.779901259
A/SWINE/MANITOBA/D0392/2014,A/SWINE/ILLINOIS/A01644323/2018,8.388048412
A/SWINE/MANITOBA/D0392/2014,A/SWINE/OKLAHOMA/A01409770/2014,5.322731105
A/SWINE/MANITOBA/D0392/2014,A/SWINE/ILLINOIS/A02139356/2018,4.510507765
A/SWINE/MANITOBA/D0392/2014,A/SWINE/MICHIGAN/A01104117/2018,5.256170114
A/SWINE/SASKATCHEWAN/SD0102/2015,A/SWINE/MANITOBA/SD0114/2015,2.769029269
A/SWINE/SASKATCHEWAN/SD0102/2015,A/SWINE/ALBERTA/SD0191/2016,2.093028321
A/SWINE/SASKATCHEWAN/SD0102/2015,A/SWINE/SASKATCHEWAN/SD0200/2016,2.613696835
A/SWINE/SASKATCHEWAN/SD0102/2015,A/SWINE/MANITOBA/D0348/2014,2.446987373
A/SWINE/SASKATCHEWAN/SD0102/2015,A/MINNESOTA/45/2016,3.79017962
A/SWINE/SASKATCHEWAN/SD0102/2015,A/SWINE/MINNESOTA/A01781045/2016,4.281125925
A/SWINE/SASKATCHEWAN/SD0102/2015,A/SWINE/NORTH_CAROLINA/A01730369/2016,7.218816263
A/SWINE/SASKATCHEWAN/SD0102/2015,A/SWINE/MINNESOTA/A01134353/2011,7.797358973
A/SWINE/SASKATCHEWAN/SD0102/2015,A/SWINE/NEBRASKA/A01492366/2014,5.446446417
A/SWINE/SASKATCHEWAN/SD0102/2015,A/SWINE/ILLINOIS/A01644323/2018,6.20511703
A/SWINE/SASKATCHEWAN/SD0102/2015,A/SWINE/OKLAHOMA/A01409770/2014,4.131789112
A/SWINE/SASKATCHEWAN/SD0102/2015,A/SWINE/ILLINOIS/A02139356/2018,2.713123683
A/SWINE/SASKATCHEWAN/SD0102/2015,A/SWINE/MICHIGAN/A01104117/2018,4.379166468
A/SWINE/MANITOBA/SD0114/2015,A/SWINE/ALBERTA/SD0191/2016,1.692568989
A/SWINE/MANITOBA/SD0114/2015,A/SWINE/SASKATCHEWAN/SD0200/2016,2.164298503
A/SWINE/MANITOBA/SD0114/2015,A/SWINE/MANITOBA/D0348/2014,2.010360519
A/SWINE/MANITOBA/SD0114/2015,A/MINNESOTA/45/2016,4.193404657
A/SWINE/MANITOBA/SD0114/2015,A/SWINE/MINNESOTA/A01781045/2016,3.437660401
A/SWINE/MANITOBA/SD0114/2015,A/SWINE/NORTH_CAROLINA/A01730369/2016,5.042691368
A/SWINE/MANITOBA/SD0114/2015,A/SWINE/MINNESOTA/A01134353/2011,5.623789548
A/SWINE/MANITOBA/SD0114/2015,A/SWINE/NEBRASKA/A01492366/2014,3.878271832
A/SWINE/MANITOBA/SD0114/2015,A/SWINE/ILLINOIS/A01644323/2018,4.139846102
A/SWINE/MANITOBA/SD0114/2015,A/SWINE/OKLAHOMA/A01409770/2014,3.082658326
A/SWINE/MANITOBA/SD0114/2015,A/SWINE/ILLINOIS/A02139356/2018,2.741278912
A/SWINE/MANITOBA/SD0114/2015,A/SWINE/MICHIGAN/A01104117/2018,3.47961773
A/SWINE/ALBERTA/SD0191/2016,A/SWINE/SASKATCHEWAN/SD0200/2016,0.702418328
A/SWINE/ALBERTA/SD0191/2016,A/SWINE/MANITOBA/D0348/2014,0.768664401
A/SWINE/ALBERTA/SD0191/2016,A/MINNESOTA/45/2016,4.015548176
A/SWINE/ALBERTA/SD0191/2016,A/SWINE/MINNESOTA/A01781045/2016,3.719031636
A/SWINE/ALBERTA/SD0191/2016,A/SWINE/NORTH_CAROLINA/A01730369/2016,5.146709449
A/SWINE/ALBERTA/SD0191/2016,A/SWINE/MINNESOTA/A01134353/2011,5.722396722
A/SWINE/ALBERTA/SD0191/2016,A/SWINE/NEBRASKA/A01492366/2014,3.569428544
A/SWINE/ALBERTA/SD0191/2016,A/SWINE/ILLINOIS/A01644323/2018,4.142310435
A/SWINE/ALBERTA/SD0191/2016,A/SWINE/OKLAHOMA/A01409770/2014,3.008304863
A/SWINE/ALBERTA/SD0191/2016,A/SWINE/ILLINOIS/A02139356/2018,2.629894924
A/SWINE/ALBERTA/SD0191/2016,A/SWINE/MICHIGAN/A01104117/2018,2.91534251
A/SWINE/SASKATCHEWAN/SD0200/2016,A/SWINE/MANITOBA/D0348/2014,0.507764952
A/SWINE/SASKATCHEWAN/SD0200/2016,A/MINNESOTA/45/2016,4.011503385
A/SWINE/SASKATCHEWAN/SD0200/2016,A/SWINE/MINNESOTA/A01781045/2016,3.655590519
A/SWINE/SASKATCHEWAN/SD0200/2016,A/SWINE/NORTH_CAROLINA/A01730369/2016,4.793822871
A/SWINE/SASKATCHEWAN/SD0200/2016,A/SWINE/MINNESOTA/A01134353/2011,5.367490335
A/SWINE/SASKATCHEWAN/SD0200/2016,A/SWINE/NEBRASKA/A01492366/2014,3.034341944
A/SWINE/SASKATCHEWAN/SD0200/2016,A/SWINE/ILLINOIS/A01644323/2018,3.741710279
A/SWINE/SASKATCHEWAN/SD0200/2016,A/SWINE/OKLAHOMA/A01409770/2014,2.744168802
A/SWINE/SASKATCHEWAN/SD0200/2016,A/SWINE/ILLINOIS/A02139356/2018,2.72585474
A/SWINE/SASKATCHEWAN/SD0200/2016,A/SWINE/MICHIGAN/A01104117/2018,2.40271899
A/SWINE/MANITOBA/D0348/2014,A/MINNESOTA/45/2016,3.520801488
A/SWINE/MANITOBA/D0348/2014,A/SWINE/MINNESOTA/A01781045/2016,3.181030805
A/SWINE/MANITOBA/D0348/2014,A/SWINE/NORTH_CAROLINA/A01730369/2016,4.998840761
A/SWINE/MANITOBA/D0348/2014,A/SWINE/MINNESOTA/A01134353/2011,5.590022741
A/SWINE/MANITOBA/D0348/2014,A/SWINE/NEBRASKA/A01492366/2014,3.02297721
A/SWINE/MANITOBA/D0348/2014,A/SWINE/ILLINOIS/A01644323/2018,3.894202433
A/SWINE/MANITOBA/D0348/2014,A/SWINE/OKLAHOMA/A01409770/2014,2.348811818
A/SWINE/MANITOBA/D0348/2014,A/SWINE/ILLINOIS/A02139356/2018,2.220407636
A/SWINE/MANITOBA/D0348/2014,A/SWINE/MICHIGAN/A01104117/2018,2.179635642
A/MINNESOTA/45/2016,A/SWINE/MINNESOTA/A01781045/2016,1.786367617
A/MINNESOTA/45/2016,A/SWINE/NORTH_CAROLINA/A01730369/2016,7.543013906
A/MINNESOTA/45/2016,A/SWINE/MINNESOTA/A01134353/2011,8.148896423
A/MINNESOTA/45/2016,A/SWINE/NEBRASKA/A01492366/2014,4.826475991
A/MINNESOTA/45/2016,A/SWINE/ILLINOIS/A01644323/2018,6.332600914
A/MINNESOTA/45/2016,A/SWINE/OKLAHOMA/A01409770/2014,2.509390584
A/MINNESOTA/45/2016,A/SWINE/ILLINOIS/A02139356/2018,1.473556829
A/MINNESOTA/45/2016,A/SWINE/MICHIGAN/A01104117/2018,3.315360828
A/SWINE/MINNESOTA/A01781045/2016,A/SWINE/NORTH_CAROLINA/A01730369/2016,6.148526385
A/SWINE/MINNESOTA/A01781045/2016,A/SWINE/MINNESOTA/A01134353/2011,6.744982301
A/SWINE/MINNESOTA/A01781045/2016,A/SWINE/NEBRASKA/A01492366/2014,3.62478572
A/SWINE/MINNESOTA/A01781045/2016,A/SWINE/ILLINOIS/A01644323/2018,4.987819869
A/SWINE/MINNESOTA/A01781045/2016,A/SWINE/OKLAHOMA/A01409770/2014,1.307163776
A/SWINE/MINNESOTA/A01781045/2016,A/SWINE/ILLINOIS/A02139356/2018,1.61836893
A/SWINE/MINNESOTA/A01781045/2016,A/SWINE/MICHIGAN/A01104117/2018,2.480307918
A/SWINE/NORTH_CAROLINA/A01730369/2016,A/SWINE/MINNESOTA/A01134353/2011,0.616442247
A/SWINE/NORTH_CAROLINA/A01730369/2016,A/SWINE/NEBRASKA/A01492366/2014,2.996464644
A/SWINE/NORTH_CAROLINA/A01730369/2016,A/SWINE/ILLINOIS/A01644323/2018,1.228991875
A/SWINE/NORTH_CAROLINA/A01730369/2016,A/SWINE/OKLAHOMA/A01409770/2014,5.076678631
A/SWINE/NORTH_CAROLINA/A01730369/2016,A/SWINE/ILLINOIS/A02139356/2018,6.470356718
A/SWINE/NORTH_CAROLINA/A01730369/2016,A/SWINE/MICHIGAN/A01104117/2018,4.519762211
A/SWINE/MINNESOTA/A01134353/2011,A/SWINE/NEBRASKA/A01492366/2014,3.543709091
A/SWINE/MINNESOTA/A01134353/2011,A/SWINE/ILLINOIS/A01644323/2018,1.825232098
A/SWINE/MINNESOTA/A01134353/2011,A/SWINE/OKLAHOMA/A01409770/2014,5.674526861
A/SWINE/MINNESOTA/A01134353/2011,A/SWINE/ILLINOIS/A02139356/2018,7.085793604
A/SWINE/MINNESOTA/A01134353/2011,A/SWINE/MICHIGAN/A01104117/2018,5.094264484
A/SWINE/NEBRASKA/A01492366/2014,A/SWINE/ILLINOIS/A01644323/2018,1.815832297
A/SWINE/NEBRASKA/A01492366/2014,A/SWINE/OKLAHOMA/A01409770/2014,2.391544882
A/SWINE/NEBRASKA/A01492366/2014,A/SWINE/ILLINOIS/A02139356/2018,4.025671517
A/SWINE/NEBRASKA/A01492366/2014,A/SWINE/MICHIGAN/A01104117/2018,1.613695613
A/SWINE/ILLINOIS/A01644323/2018,A/SWINE/OKLAHOMA/A01409770/2014,3.870255302
A/SWINE/ILLINOIS/A01644323/2018,A/SWINE/ILLINOIS/A02139356/2018,5.290137854
A/SWINE/ILLINOIS/A01644323/2018,A/SWINE/MICHIGAN/A01104117/2018,3.29628083
A/SWINE/OKLAHOMA/A01409770/2014,A/SWINE/ILLINOIS/A02139356/2018,1.867930669
A/SWINE/OKLAHOMA/A01409770/2014,A/SWINE/MICHIGAN/A01104117/2018,1.205117726
A/SWINE/ILLINOIS/A02139356/2018,A/SWINE/MICHIGAN/A01104117/2018,2.658595738