ag1,ag2,mldistances
A/SWINE/ALBERTA/SD0014/2013,A/SWINE/ALBERTA/SD0014/2013,0
A/SWINE/MANITOBA/D0348/2014,A/SWINE/ALBERTA/SD0014/2013,0.1014216
A/SWINE/MANITOBA/D0333/2014,A/SWINE/ALBERTA/SD0014/2013,0.1098032
A/OHIO/9/2015,A/SWINE/ALBERTA/SD0014/2013,0.1180395
A/MINNESOTA/45/2016,A/SWINE/ALBERTA/SD0014/2013,0.1047802
A/MEXICO/4108/2009,A/SWINE/ALBERTA/SD0014/2013,0.1092962
A/SWINE/MINNESOTA/A01134353/2011,A/SWINE/ALBERTA/SD0014/2013,0.2123165
A/SWINE/OKLAHOMA/A01409770/2014,A/SWINE/ALBERTA/SD0014/2013,0.2146041
A/SWINE/NEBRASKA/A01492366/2014,A/SWINE/ALBERTA/SD0014/2013,0.2194269
A/SWINE/ILLINOIS/A01493472/2014,A/SWINE/ALBERTA/SD0014/2013,0.1169091
A/SWINE/MINNESOTA/A01567490/2014,A/SWINE/ALBERTA/SD0014/2013,0.1104572
A/SWINE/NORTH_CAROLINA/A01841602/2015,A/SWINE/ALBERTA/SD0014/2013,0.1137222
A/SWINE/OHIO/A01847657/2015,A/SWINE/ALBERTA/SD0014/2013,0.1158902
A/SWINE/NORTH_CAROLINA/A02076926/2015,A/SWINE/ALBERTA/SD0014/2013,0.1137057
A/SWINE/NORTH_CAROLINA/A01797415/2015,A/SWINE/ALBERTA/SD0014/2013,0.103029
A/SWINE/NORTH_CAROLINA/A01730369/2016,A/SWINE/ALBERTA/SD0014/2013,0.1063682
A/SWINE/IOWA/A01731653/2016,A/SWINE/ALBERTA/SD0014/2013,0.1138362
A/SWINE/MEXICO/AVX61/2013,A/SWINE/ALBERTA/SD0014/2013,0.2128015
A/SWINE/MEXICO/AVX18/2012,A/SWINE/ALBERTA/SD0014/2013,0.2185231
A/SWINE/MEXICO/AVX23/2012,A/SWINE/ALBERTA/SD0014/2013,0.0983444
A/SWINE/MEXICO/AVX44/2012,A/SWINE/ALBERTA/SD0014/2013,0.1169685
A/SWINE/MEXICO/AVX31/2012,A/SWINE/ALBERTA/SD0014/2013,0.1114365
A/SWINE/MINNESOTA/A01781045/2016,A/SWINE/ALBERTA/SD0014/2013,0.1027526
A/SWINE/ALBERTA/SD0191/2016,A/SWINE/ALBERTA/SD0014/2013,0.11229
A/SWINE/SASKATCHEWAN/SD0094/2015,A/SWINE/ALBERTA/SD0014/2013,0.0417636
A/SWINE/MANITOBA/SD0114/2015,A/SWINE/ALBERTA/SD0014/2013,0.1040798
A/SWINE/ALBERTA/SD0154/2016,A/SWINE/ALBERTA/SD0014/2013,0.0452786
A/SWINE/MANITOBA/D0392/2014,A/SWINE/ALBERTA/SD0014/2013,0.1036404
A/SWINE/SASKATCHEWAN/SD0102/2015,A/SWINE/ALBERTA/SD0014/2013,0.1047396
A/SWINE/SASKATCHEWAN/SD0200/2016,A/SWINE/ALBERTA/SD0014/2013,0.1127552
A/SWINE/ALBERTA/SD0125/2015,A/SWINE/ALBERTA/SD0014/2013,0.045635
A/SWINE/ILLINOIS/A01644323/2018,A/SWINE/ALBERTA/SD0014/2013,0.2218025
A/SWINE/ILLINOIS/A02139356/2018,A/SWINE/ALBERTA/SD0014/2013,0.215479
A/SWINE/MICHIGAN/A01104117/2018,A/SWINE/ALBERTA/SD0014/2013,0.2160188
A/SWINE/ALBERTA/SD0014/2013,A/SWINE/MANITOBA/D0348/2014,0.1014216
A/SWINE/MANITOBA/D0348/2014,A/SWINE/MANITOBA/D0348/2014,0
A/SWINE/MANITOBA/D0333/2014,A/SWINE/MANITOBA/D0348/2014,0.0897574
A/OHIO/9/2015,A/SWINE/MANITOBA/D0348/2014,0.1134352
A/MINNESOTA/45/2016,A/SWINE/MANITOBA/D0348/2014,0.01124
A/MEXICO/4108/2009,A/SWINE/MANITOBA/D0348/2014,0.1087627
A/SWINE/MINNESOTA/A01134353/2011,A/SWINE/MANITOBA/D0348/2014,0.2090809
A/SWINE/OKLAHOMA/A01409770/2014,A/SWINE/MANITOBA/D0348/2014,0.2134076
A/SWINE/NEBRASKA/A01492366/2014,A/SWINE/MANITOBA/D0348/2014,0.2115831
A/SWINE/ILLINOIS/A01493472/2014,A/SWINE/MANITOBA/D0348/2014,0.115648
A/SWINE/MINNESOTA/A01567490/2014,A/SWINE/MANITOBA/D0348/2014,0.1103863
A/SWINE/NORTH_CAROLINA/A01841602/2015,A/SWINE/MANITOBA/D0348/2014,0.1131429
A/SWINE/OHIO/A01847657/2015,A/SWINE/MANITOBA/D0348/2014,0.111449
A/SWINE/NORTH_CAROLINA/A02076926/2015,A/SWINE/MANITOBA/D0348/2014,0.1131264
A/SWINE/NORTH_CAROLINA/A01797415/2015,A/SWINE/MANITOBA/D0348/2014,0.1128637
A/SWINE/NORTH_CAROLINA/A01730369/2016,A/SWINE/MANITOBA/D0348/2014,0.1109662
A/SWINE/IOWA/A01731653/2016,A/SWINE/MANITOBA/D0348/2014,0.1119529
A/SWINE/MEXICO/AVX61/2013,A/SWINE/MANITOBA/D0348/2014,0.1981175
A/SWINE/MEXICO/AVX18/2012,A/SWINE/MANITOBA/D0348/2014,0.2094017
A/SWINE/MEXICO/AVX23/2012,A/SWINE/MANITOBA/D0348/2014,0.1003458
A/SWINE/MEXICO/AVX44/2012,A/SWINE/MANITOBA/D0348/2014,0.1155154
A/SWINE/MEXICO/AVX31/2012,A/SWINE/MANITOBA/D0348/2014,0.1083628
A/SWINE/MINNESOTA/A01781045/2016,A/SWINE/MANITOBA/D0348/2014,0.0116409
A/SWINE/ALBERTA/SD0191/2016,A/SWINE/MANITOBA/D0348/2014,0.0163011
A/SWINE/SASKATCHEWAN/SD0094/2015,A/SWINE/MANITOBA/D0348/2014,0.0923051
A/SWINE/MANITOBA/SD0114/2015,A/SWINE/MANITOBA/D0348/2014,0.0089561
A/SWINE/ALBERTA/SD0154/2016,A/SWINE/MANITOBA/D0348/2014,0.1064457
A/SWINE/MANITOBA/D0392/2014,A/SWINE/MANITOBA/D0348/2014,0.012403
A/SWINE/SASKATCHEWAN/SD0102/2015,A/SWINE/MANITOBA/D0348/2014,0.009349
A/SWINE/SASKATCHEWAN/SD0200/2016,A/SWINE/MANITOBA/D0348/2014,0.0132587
A/SWINE/ALBERTA/SD0125/2015,A/SWINE/MANITOBA/D0348/2014,0.0983774
A/SWINE/ILLINOIS/A01644323/2018,A/SWINE/MANITOBA/D0348/2014,0.2092598
A/SWINE/ILLINOIS/A02139356/2018,A/SWINE/MANITOBA/D0348/2014,0.2179869
A/SWINE/MICHIGAN/A01104117/2018,A/SWINE/MANITOBA/D0348/2014,0.2234887
A/SWINE/ALBERTA/SD0014/2013,A/SWINE/MANITOBA/D0333/2014,0.1098032
A/SWINE/MANITOBA/D0348/2014,A/SWINE/MANITOBA/D0333/2014,0.0897574
A/SWINE/MANITOBA/D0333/2014,A/SWINE/MANITOBA/D0333/2014,0
A/OHIO/9/2015,A/SWINE/MANITOBA/D0333/2014,0.1162915
A/MINNESOTA/45/2016,A/SWINE/MANITOBA/D0333/2014,0.0899678
A/MEXICO/4108/2009,A/SWINE/MANITOBA/D0333/2014,0.1060805
A/SWINE/MINNESOTA/A01134353/2011,A/SWINE/MANITOBA/D0333/2014,0.2141031
A/SWINE/OKLAHOMA/A01409770/2014,A/SWINE/MANITOBA/D0333/2014,0.2142601
A/SWINE/NEBRASKA/A01492366/2014,A/SWINE/MANITOBA/D0333/2014,0.2223524
A/SWINE/ILLINOIS/A01493472/2014,A/SWINE/MANITOBA/D0333/2014,0.1133946
A/SWINE/MINNESOTA/A01567490/2014,A/SWINE/MANITOBA/D0333/2014,0.1073609
A/SWINE/NORTH_CAROLINA/A01841602/2015,A/SWINE/MANITOBA/D0333/2014,0.1121084
A/SWINE/OHIO/A01847657/2015,A/SWINE/MANITOBA/D0333/2014,0.1119911
A/SWINE/NORTH_CAROLINA/A02076926/2015,A/SWINE/MANITOBA/D0333/2014,0.1110359
A/SWINE/NORTH_CAROLINA/A01797415/2015,A/SWINE/MANITOBA/D0333/2014,0.1085329
A/SWINE/NORTH_CAROLINA/A01730369/2016,A/SWINE/MANITOBA/D0333/2014,0.1087492
A/SWINE/IOWA/A01731653/2016,A/SWINE/MANITOBA/D0333/2014,0.1105649
A/SWINE/MEXICO/AVX61/2013,A/SWINE/MANITOBA/D0333/2014,0.208162
A/SWINE/MEXICO/AVX18/2012,A/SWINE/MANITOBA/D0333/2014,0.2184869
A/SWINE/MEXICO/AVX23/2012,A/SWINE/MANITOBA/D0333/2014,0.1031766
A/SWINE/MEXICO/AVX44/2012,A/SWINE/MANITOBA/D0333/2014,0.1138954
A/SWINE/MEXICO/AVX31/2012,A/SWINE/MANITOBA/D0333/2014,0.1084902
A/SWINE/MINNESOTA/A01781045/2016,A/SWINE/MANITOBA/D0333/2014,0.0912039
A/SWINE/ALBERTA/SD0191/2016,A/SWINE/MANITOBA/D0333/2014,0.0980649
A/SWINE/SASKATCHEWAN/SD0094/2015,A/SWINE/MANITOBA/D0333/2014,0.1057111
A/SWINE/MANITOBA/SD0114/2015,A/SWINE/MANITOBA/D0333/2014,0.0897244
A/SWINE/ALBERTA/SD0154/2016,A/SWINE/MANITOBA/D0333/2014,0.1134526
A/SWINE/MANITOBA/D0392/2014,A/SWINE/MANITOBA/D0333/2014,0.089197
A/SWINE/SASKATCHEWAN/SD0102/2015,A/SWINE/MANITOBA/D0333/2014,0.0911296
A/SWINE/SASKATCHEWAN/SD0200/2016,A/SWINE/MANITOBA/D0333/2014,0.0961293
A/SWINE/ALBERTA/SD0125/2015,A/SWINE/MANITOBA/D0333/2014,0.1125016
A/SWINE/ILLINOIS/A01644323/2018,A/SWINE/MANITOBA/D0333/2014,0.2225303
A/SWINE/ILLINOIS/A02139356/2018,A/SWINE/MANITOBA/D0333/2014,0.2200785
A/SWINE/MICHIGAN/A01104117/2018,A/SWINE/MANITOBA/D0333/2014,0.2242015
A/SWINE/ALBERTA/SD0014/2013,A/OHIO/9/2015,0.1180395
A/SWINE/MANITOBA/D0348/2014,A/OHIO/9/2015,0.1134352
A/SWINE/MANITOBA/D0333/2014,A/OHIO/9/2015,0.1162915
A/OHIO/9/2015,A/OHIO/9/2015,0
A/MINNESOTA/45/2016,A/OHIO/9/2015,0.1171295
A/MEXICO/4108/2009,A/OHIO/9/2015,0.0578113
A/SWINE/MINNESOTA/A01134353/2011,A/OHIO/9/2015,0.2373974
A/SWINE/OKLAHOMA/A01409770/2014,A/OHIO/9/2015,0.2330186
A/SWINE/NEBRASKA/A01492366/2014,A/OHIO/9/2015,0.239831
A/SWINE/ILLINOIS/A01493472/2014,A/OHIO/9/2015,0.0666865
A/SWINE/MINNESOTA/A01567490/2014,A/OHIO/9/2015,0.0366282
A/SWINE/NORTH_CAROLINA/A01841602/2015,A/OHIO/9/2015,0.0058178
A/SWINE/OHIO/A01847657/2015,A/OHIO/9/2015,0.0015297
A/SWINE/NORTH_CAROLINA/A02076926/2015,A/OHIO/9/2015,0.0058173
A/SWINE/NORTH_CAROLINA/A01797415/2015,A/OHIO/9/2015,0.0403894
A/SWINE/NORTH_CAROLINA/A01730369/2016,A/OHIO/9/2015,0.0390967
A/SWINE/IOWA/A01731653/2016,A/OHIO/9/2015,0.0441105
A/SWINE/MEXICO/AVX61/2013,A/OHIO/9/2015,0.2331879
A/SWINE/MEXICO/AVX18/2012,A/OHIO/9/2015,0.2298436
A/SWINE/MEXICO/AVX23/2012,A/OHIO/9/2015,0.0838737
A/SWINE/MEXICO/AVX44/2012,A/OHIO/9/2015,0.0685972
A/SWINE/MEXICO/AVX31/2012,A/OHIO/9/2015,0.0636349
A/SWINE/MINNESOTA/A01781045/2016,A/OHIO/9/2015,0.1167561
A/SWINE/ALBERTA/SD0191/2016,A/OHIO/9/2015,0.1272697
A/SWINE/SASKATCHEWAN/SD0094/2015,A/OHIO/9/2015,0.1128963
A/SWINE/MANITOBA/SD0114/2015,A/OHIO/9/2015,0.1158975
A/SWINE/ALBERTA/SD0154/2016,A/OHIO/9/2015,0.1218204
A/SWINE/MANITOBA/D0392/2014,A/OHIO/9/2015,0.1142305
A/SWINE/SASKATCHEWAN/SD0102/2015,A/OHIO/9/2015,0.1152617
A/SWINE/SASKATCHEWAN/SD0200/2016,A/OHIO/9/2015,0.1201068
A/SWINE/ALBERTA/SD0125/2015,A/OHIO/9/2015,0.1204733
A/SWINE/ILLINOIS/A01644323/2018,A/OHIO/9/2015,0.2412513
A/SWINE/ILLINOIS/A02139356/2018,A/OHIO/9/2015,0.2318558
A/SWINE/MICHIGAN/A01104117/2018,A/OHIO/9/2015,0.2328649
A/SWINE/ALBERTA/SD0014/2013,A/MINNESOTA/45/2016,0.1047802
A/SWINE/MANITOBA/D0348/2014,A/MINNESOTA/45/2016,0.01124
A/SWINE/MANITOBA/D0333/2014,A/MINNESOTA/45/2016,0.0899678
A/OHIO/9/2015,A/MINNESOTA/45/2016,0.1171295
A/MINNESOTA/45/2016,A/MINNESOTA/45/2016,0
A/MEXICO/4108/2009,A/MINNESOTA/45/2016,0.111891
A/SWINE/MINNESOTA/A01134353/2011,A/MINNESOTA/45/2016,0.2116077
A/SWINE/OKLAHOMA/A01409770/2014,A/MINNESOTA/45/2016,0.2165262
A/SWINE/NEBRASKA/A01492366/2014,A/MINNESOTA/45/2016,0.2159834
A/SWINE/ILLINOIS/A01493472/2014,A/MINNESOTA/45/2016,0.1183471
A/SWINE/MINNESOTA/A01567490/2014,A/MINNESOTA/45/2016,0.1130595
A/SWINE/NORTH_CAROLINA/A01841602/2015,A/MINNESOTA/45/2016,0.1166852
A/SWINE/OHIO/A01847657/2015,A/MINNESOTA/45/2016,0.1149646
A/SWINE/NORTH_CAROLINA/A02076926/2015,A/MINNESOTA/45/2016,0.1155851
A/SWINE/NORTH_CAROLINA/A01797415/2015,A/MINNESOTA/45/2016,0.1134268
A/SWINE/NORTH_CAROLINA/A01730369/2016,A/MINNESOTA/45/2016,0.1120404
A/SWINE/IOWA/A01731653/2016,A/MINNESOTA/45/2016,0.1159949
A/SWINE/MEXICO/AVX61/2013,A/MINNESOTA/45/2016,0.2003274
A/SWINE/MEXICO/AVX18/2012,A/MINNESOTA/45/2016,0.2107716
A/SWINE/MEXICO/AVX23/2012,A/MINNESOTA/45/2016,0.1029545
A/SWINE/MEXICO/AVX44/2012,A/MINNESOTA/45/2016,0.1191958
A/SWINE/MEXICO/AVX31/2012,A/MINNESOTA/45/2016,0.1125524
A/SWINE/MINNESOTA/A01781045/2016,A/MINNESOTA/45/2016,0.0101118
A/SWINE/ALBERTA/SD0191/2016,A/MINNESOTA/45/2016,0.0155203
A/SWINE/SASKATCHEWAN/SD0094/2015,A/MINNESOTA/45/2016,0.097556
A/SWINE/MANITOBA/SD0114/2015,A/MINNESOTA/45/2016,0.0089542
A/SWINE/ALBERTA/SD0154/2016,A/MINNESOTA/45/2016,0.1099842
A/SWINE/MANITOBA/D0392/2014,A/MINNESOTA/45/2016,0.0154845
A/SWINE/SASKATCHEWAN/SD0102/2015,A/MINNESOTA/45/2016,0.006319
A/SWINE/SASKATCHEWAN/SD0200/2016,A/MINNESOTA/45/2016,0.0195269
A/SWINE/ALBERTA/SD0125/2015,A/MINNESOTA/45/2016,0.1025435
A/SWINE/ILLINOIS/A01644323/2018,A/MINNESOTA/45/2016,0.215696
A/SWINE/ILLINOIS/A02139356/2018,A/MINNESOTA/45/2016,0.2225786
A/SWINE/MICHIGAN/A01104117/2018,A/MINNESOTA/45/2016,0.2287274
A/SWINE/ALBERTA/SD0014/2013,A/MEXICO/4108/2009,0.1092962
A/SWINE/MANITOBA/D0348/2014,A/MEXICO/4108/2009,0.1087627
A/SWINE/MANITOBA/D0333/2014,A/MEXICO/4108/2009,0.1060805
A/OHIO/9/2015,A/MEXICO/4108/2009,0.0578113
A/MINNESOTA/45/2016,A/MEXICO/4108/2009,0.111891
A/MEXICO/4108/2009,A/MEXICO/4108/2009,0
A/SWINE/MINNESOTA/A01134353/2011,A/MEXICO/4108/2009,0.2191293
A/SWINE/OKLAHOMA/A01409770/2014,A/MEXICO/4108/2009,0.2223053
A/SWINE/NEBRASKA/A01492366/2014,A/MEXICO/4108/2009,0.216699
A/SWINE/ILLINOIS/A01493472/2014,A/MEXICO/4108/2009,0.0104726
A/SWINE/MINNESOTA/A01567490/2014,A/MEXICO/4108/2009,0.0523145
A/SWINE/NORTH_CAROLINA/A01841602/2015,A/MEXICO/4108/2009,0.0577147
A/SWINE/OHIO/A01847657/2015,A/MEXICO/4108/2009,0.0569607
A/SWINE/NORTH_CAROLINA/A02076926/2015,A/MEXICO/4108/2009,0.0568119
A/SWINE/NORTH_CAROLINA/A01797415/2015,A/MEXICO/4108/2009,0.0571731
A/SWINE/NORTH_CAROLINA/A01730369/2016,A/MEXICO/4108/2009,0.0541387
A/SWINE/IOWA/A01731653/2016,A/MEXICO/4108/2009,0.0542341
A/SWINE/MEXICO/AVX61/2013,A/MEXICO/4108/2009,0.2155058
A/SWINE/MEXICO/AVX18/2012,A/MEXICO/4108/2009,0.2166734
A/SWINE/MEXICO/AVX23/2012,A/MEXICO/4108/2009,0.0780938
A/SWINE/MEXICO/AVX44/2012,A/MEXICO/4108/2009,0.029028
A/SWINE/MEXICO/AVX31/2012,A/MEXICO/4108/2009,0.0082038
A/SWINE/MINNESOTA/A01781045/2016,A/MEXICO/4108/2009,0.108662
A/SWINE/ALBERTA/SD0191/2016,A/MEXICO/4108/2009,0.1190224
A/SWINE/SASKATCHEWAN/SD0094/2015,A/MEXICO/4108/2009,0.1015077
A/SWINE/MANITOBA/SD0114/2015,A/MEXICO/4108/2009,0.10893
A/SWINE/ALBERTA/SD0154/2016,A/MEXICO/4108/2009,0.1056053
A/SWINE/MANITOBA/D0392/2014,A/MEXICO/4108/2009,0.109339
A/SWINE/SASKATCHEWAN/SD0102/2015,A/MEXICO/4108/2009,0.108323
A/SWINE/SASKATCHEWAN/SD0200/2016,A/MEXICO/4108/2009,0.1156138
A/SWINE/ALBERTA/SD0125/2015,A/MEXICO/4108/2009,0.1059645
A/SWINE/ILLINOIS/A01644323/2018,A/MEXICO/4108/2009,0.2170167
A/SWINE/ILLINOIS/A02139356/2018,A/MEXICO/4108/2009,0.2224679
A/SWINE/MICHIGAN/A01104117/2018,A/MEXICO/4108/2009,0.2233893
A/SWINE/ALBERTA/SD0014/2013,A/SWINE/MINNESOTA/A01134353/2011,0.2123165
A/SWINE/MANITOBA/D0348/2014,A/SWINE/MINNESOTA/A01134353/2011,0.2090809
A/SWINE/MANITOBA/D0333/2014,A/SWINE/MINNESOTA/A01134353/2011,0.2141031
A/OHIO/9/2015,A/SWINE/MINNESOTA/A01134353/2011,0.2373974
A/MINNESOTA/45/2016,A/SWINE/MINNESOTA/A01134353/2011,0.2116077
A/MEXICO/4108/2009,A/SWINE/MINNESOTA/A01134353/2011,0.2191293
A/SWINE/MINNESOTA/A01134353/2011,A/SWINE/MINNESOTA/A01134353/2011,0
A/SWINE/OKLAHOMA/A01409770/2014,A/SWINE/MINNESOTA/A01134353/2011,0.0657762
A/SWINE/NEBRASKA/A01492366/2014,A/SWINE/MINNESOTA/A01134353/2011,0.0185155
A/SWINE/ILLINOIS/A01493472/2014,A/SWINE/MINNESOTA/A01134353/2011,0.2215986
A/SWINE/MINNESOTA/A01567490/2014,A/SWINE/MINNESOTA/A01134353/2011,0.2350889
A/SWINE/NORTH_CAROLINA/A01841602/2015,A/SWINE/MINNESOTA/A01134353/2011,0.2321413
A/SWINE/OHIO/A01847657/2015,A/SWINE/MINNESOTA/A01134353/2011,0.2318176
A/SWINE/NORTH_CAROLINA/A02076926/2015,A/SWINE/MINNESOTA/A01134353/2011,0.2320911
A/SWINE/NORTH_CAROLINA/A01797415/2015,A/SWINE/MINNESOTA/A01134353/2011,0.2167377
A/SWINE/NORTH_CAROLINA/A01730369/2016,A/SWINE/MINNESOTA/A01134353/2011,0.2197207
A/SWINE/IOWA/A01731653/2016,A/SWINE/MINNESOTA/A01134353/2011,0.2303443
A/SWINE/MEXICO/AVX61/2013,A/SWINE/MINNESOTA/A01134353/2011,0.0543585
A/SWINE/MEXICO/AVX18/2012,A/SWINE/MINNESOTA/A01134353/2011,0.0537675
A/SWINE/MEXICO/AVX23/2012,A/SWINE/MINNESOTA/A01134353/2011,0.2034084
A/SWINE/MEXICO/AVX44/2012,A/SWINE/MINNESOTA/A01134353/2011,0.2178178
A/SWINE/MEXICO/AVX31/2012,A/SWINE/MINNESOTA/A01134353/2011,0.2187204
A/SWINE/MINNESOTA/A01781045/2016,A/SWINE/MINNESOTA/A01134353/2011,0.2085737
A/SWINE/ALBERTA/SD0191/2016,A/SWINE/MINNESOTA/A01134353/2011,0.2175553
A/SWINE/SASKATCHEWAN/SD0094/2015,A/SWINE/MINNESOTA/A01134353/2011,0.2137772
A/SWINE/MANITOBA/SD0114/2015,A/SWINE/MINNESOTA/A01134353/2011,0.2062054
A/SWINE/ALBERTA/SD0154/2016,A/SWINE/MINNESOTA/A01134353/2011,0.2277871
A/SWINE/MANITOBA/D0392/2014,A/SWINE/MINNESOTA/A01134353/2011,0.2099863
A/SWINE/SASKATCHEWAN/SD0102/2015,A/SWINE/MINNESOTA/A01134353/2011,0.212993
A/SWINE/SASKATCHEWAN/SD0200/2016,A/SWINE/MINNESOTA/A01134353/2011,0.2088291
A/SWINE/ALBERTA/SD0125/2015,A/SWINE/MINNESOTA/A01134353/2011,0.2141275
A/SWINE/ILLINOIS/A01644323/2018,A/SWINE/MINNESOTA/A01134353/2011,0.0262987
A/SWINE/ILLINOIS/A02139356/2018,A/SWINE/MINNESOTA/A01134353/2011,0.0746812
A/SWINE/MICHIGAN/A01104117/2018,A/SWINE/MINNESOTA/A01134353/2011,0.0776327
A/SWINE/ALBERTA/SD0014/2013,A/SWINE/OKLAHOMA/A01409770/2014,0.2146041
A/SWINE/MANITOBA/D0348/2014,A/SWINE/OKLAHOMA/A01409770/2014,0.2134076
A/SWINE/MANITOBA/D0333/2014,A/SWINE/OKLAHOMA/A01409770/2014,0.2142601
A/OHIO/9/2015,A/SWINE/OKLAHOMA/A01409770/2014,0.2330186
A/MINNESOTA/45/2016,A/SWINE/OKLAHOMA/A01409770/2014,0.2165262
A/MEXICO/4108/2009,A/SWINE/OKLAHOMA/A01409770/2014,0.2223053
A/SWINE/MINNESOTA/A01134353/2011,A/SWINE/OKLAHOMA/A01409770/2014,0.0657762
A/SWINE/OKLAHOMA/A01409770/2014,A/SWINE/OKLAHOMA/A01409770/2014,0
A/SWINE/NEBRASKA/A01492366/2014,A/SWINE/OKLAHOMA/A01409770/2014,0.0708582
A/SWINE/ILLINOIS/A01493472/2014,A/SWINE/OKLAHOMA/A01409770/2014,0.2221797
A/SWINE/MINNESOTA/A01567490/2014,A/SWINE/OKLAHOMA/A01409770/2014,0.2198283
A/SWINE/NORTH_CAROLINA/A01841602/2015,A/SWINE/OKLAHOMA/A01409770/2014,0.2274739
A/SWINE/OHIO/A01847657/2015,A/SWINE/OKLAHOMA/A01409770/2014,0.225438
A/SWINE/NORTH_CAROLINA/A02076926/2015,A/SWINE/OKLAHOMA/A01409770/2014,0.2274249
A/SWINE/NORTH_CAROLINA/A01797415/2015,A/SWINE/OKLAHOMA/A01409770/2014,0.2066224
A/SWINE/NORTH_CAROLINA/A01730369/2016,A/SWINE/OKLAHOMA/A01409770/2014,0.2110243
A/SWINE/IOWA/A01731653/2016,A/SWINE/OKLAHOMA/A01409770/2014,0.2221802
A/SWINE/MEXICO/AVX61/2013,A/SWINE/OKLAHOMA/A01409770/2014,0.0579933
A/SWINE/MEXICO/AVX18/2012,A/SWINE/OKLAHOMA/A01409770/2014,0.0634616
A/SWINE/MEXICO/AVX23/2012,A/SWINE/OKLAHOMA/A01409770/2014,0.2001308
A/SWINE/MEXICO/AVX44/2012,A/SWINE/OKLAHOMA/A01409770/2014,0.2186339
A/SWINE/MEXICO/AVX31/2012,A/SWINE/OKLAHOMA/A01409770/2014,0.220466
A/SWINE/MINNESOTA/A01781045/2016,A/SWINE/OKLAHOMA/A01409770/2014,0.2101637
A/SWINE/ALBERTA/SD0191/2016,A/SWINE/OKLAHOMA/A01409770/2014,0.2150419
A/SWINE/SASKATCHEWAN/SD0094/2015,A/SWINE/OKLAHOMA/A01409770/2014,0.2110938
A/SWINE/MANITOBA/SD0114/2015,A/SWINE/OKLAHOMA/A01409770/2014,0.2063754
A/SWINE/ALBERTA/SD0154/2016,A/SWINE/OKLAHOMA/A01409770/2014,0.2300131
A/SWINE/MANITOBA/D0392/2014,A/SWINE/OKLAHOMA/A01409770/2014,0.2156444
A/SWINE/SASKATCHEWAN/SD0102/2015,A/SWINE/OKLAHOMA/A01409770/2014,0.2134189
A/SWINE/SASKATCHEWAN/SD0200/2016,A/SWINE/OKLAHOMA/A01409770/2014,0.21341
A/SWINE/ALBERTA/SD0125/2015,A/SWINE/OKLAHOMA/A01409770/2014,0.2177762
A/SWINE/ILLINOIS/A01644323/2018,A/SWINE/OKLAHOMA/A01409770/2014,0.0774883
A/SWINE/ILLINOIS/A02139356/2018,A/SWINE/OKLAHOMA/A01409770/2014,0.0306533
A/SWINE/MICHIGAN/A01104117/2018,A/SWINE/OKLAHOMA/A01409770/2014,0.0336108
A/SWINE/ALBERTA/SD0014/2013,A/SWINE/NEBRASKA/A01492366/2014,0.2194269
A/SWINE/MANITOBA/D0348/2014,A/SWINE/NEBRASKA/A01492366/2014,0.2115831
A/SWINE/MANITOBA/D0333/2014,A/SWINE/NEBRASKA/A01492366/2014,0.2223524
A/OHIO/9/2015,A/SWINE/NEBRASKA/A01492366/2014,0.239831
A/MINNESOTA/45/2016,A/SWINE/NEBRASKA/A01492366/2014,0.2159834
A/MEXICO/4108/2009,A/SWINE/NEBRASKA/A01492366/2014,0.216699
A/SWINE/MINNESOTA/A01134353/2011,A/SWINE/NEBRASKA/A01492366/2014,0.0185155
A/SWINE/OKLAHOMA/A01409770/2014,A/SWINE/NEBRASKA/A01492366/2014,0.0708582
A/SWINE/NEBRASKA/A01492366/2014,A/SWINE/NEBRASKA/A01492366/2014,0
A/SWINE/ILLINOIS/A01493472/2014,A/SWINE/NEBRASKA/A01492366/2014,0.2210789
A/SWINE/MINNESOTA/A01567490/2014,A/SWINE/NEBRASKA/A01492366/2014,0.235861
A/SWINE/NORTH_CAROLINA/A01841602/2015,A/SWINE/NEBRASKA/A01492366/2014,0.2344543
A/SWINE/OHIO/A01847657/2015,A/SWINE/NEBRASKA/A01492366/2014,0.2341242
A/SWINE/NORTH_CAROLINA/A02076926/2015,A/SWINE/NEBRASKA/A01492366/2014,0.2344035
A/SWINE/NORTH_CAROLINA/A01797415/2015,A/SWINE/NEBRASKA/A01492366/2014,0.2189326
A/SWINE/NORTH_CAROLINA/A01730369/2016,A/SWINE/NEBRASKA/A01492366/2014,0.2204971
A/SWINE/IOWA/A01731653/2016,A/SWINE/NEBRASKA/A01492366/2014,0.2314345
A/SWINE/MEXICO/AVX61/2013,A/SWINE/NEBRASKA/A01492366/2014,0.0632699
A/SWINE/MEXICO/AVX18/2012,A/SWINE/NEBRASKA/A01492366/2014,0.0593555
A/SWINE/MEXICO/AVX23/2012,A/SWINE/NEBRASKA/A01492366/2014,0.2044128
A/SWINE/MEXICO/AVX44/2012,A/SWINE/NEBRASKA/A01492366/2014,0.2182815
A/SWINE/MEXICO/AVX31/2012,A/SWINE/NEBRASKA/A01492366/2014,0.2176992
A/SWINE/MINNESOTA/A01781045/2016,A/SWINE/NEBRASKA/A01492366/2014,0.2112058
A/SWINE/ALBERTA/SD0191/2016,A/SWINE/NEBRASKA/A01492366/2014,0.2201199
A/SWINE/SASKATCHEWAN/SD0094/2015,A/SWINE/NEBRASKA/A01492366/2014,0.2188894
A/SWINE/MANITOBA/SD0114/2015,A/SWINE/NEBRASKA/A01492366/2014,0.2086863
A/SWINE/ALBERTA/SD0154/2016,A/SWINE/NEBRASKA/A01492366/2014,0.2275829
A/SWINE/MANITOBA/D0392/2014,A/SWINE/NEBRASKA/A01492366/2014,0.2126862
A/SWINE/SASKATCHEWAN/SD0102/2015,A/SWINE/NEBRASKA/A01492366/2014,0.2163018
A/SWINE/SASKATCHEWAN/SD0200/2016,A/SWINE/NEBRASKA/A01492366/2014,0.2133543
A/SWINE/ALBERTA/SD0125/2015,A/SWINE/NEBRASKA/A01492366/2014,0.22319
A/SWINE/ILLINOIS/A01644323/2018,A/SWINE/NEBRASKA/A01492366/2014,0.0170789
A/SWINE/ILLINOIS/A02139356/2018,A/SWINE/NEBRASKA/A01492366/2014,0.0804515
A/SWINE/MICHIGAN/A01104117/2018,A/SWINE/NEBRASKA/A01492366/2014,0.0830265
A/SWINE/ALBERTA/SD0014/2013,A/SWINE/ILLINOIS/A01493472/2014,0.1169091
A/SWINE/MANITOBA/D0348/2014,A/SWINE/ILLINOIS/A01493472/2014,0.115648
A/SWINE/MANITOBA/D0333/2014,A/SWINE/ILLINOIS/A01493472/2014,0.1133946
A/OHIO/9/2015,A/SWINE/ILLINOIS/A01493472/2014,0.0666865
A/MINNESOTA/45/2016,A/SWINE/ILLINOIS/A01493472/2014,0.1183471
A/MEXICO/4108/2009,A/SWINE/ILLINOIS/A01493472/2014,0.0104726
A/SWINE/MINNESOTA/A01134353/2011,A/SWINE/ILLINOIS/A01493472/2014,0.2215986
A/SWINE/OKLAHOMA/A01409770/2014,A/SWINE/ILLINOIS/A01493472/2014,0.2221797
A/SWINE/NEBRASKA/A01492366/2014,A/SWINE/ILLINOIS/A01493472/2014,0.2210789
A/SWINE/ILLINOIS/A01493472/2014,A/SWINE/ILLINOIS/A01493472/2014,0
A/SWINE/MINNESOTA/A01567490/2014,A/SWINE/ILLINOIS/A01493472/2014,0.060628
A/SWINE/NORTH_CAROLINA/A01841602/2015,A/SWINE/ILLINOIS/A01493472/2014,0.0662303
A/SWINE/OHIO/A01847657/2015,A/SWINE/ILLINOIS/A01493472/2014,0.0654251
A/SWINE/NORTH_CAROLINA/A02076926/2015,A/SWINE/ILLINOIS/A01493472/2014,0.0653015
A/SWINE/NORTH_CAROLINA/A01797415/2015,A/SWINE/ILLINOIS/A01493472/2014,0.063775
A/SWINE/NORTH_CAROLINA/A01730369/2016,A/SWINE/ILLINOIS/A01493472/2014,0.0624985
A/SWINE/IOWA/A01731653/2016,A/SWINE/ILLINOIS/A01493472/2014,0.0635334
A/SWINE/MEXICO/AVX61/2013,A/SWINE/ILLINOIS/A01493472/2014,0.2167877
A/SWINE/MEXICO/AVX18/2012,A/SWINE/ILLINOIS/A01493472/2014,0.2142709
A/SWINE/MEXICO/AVX23/2012,A/SWINE/ILLINOIS/A01493472/2014,0.0866447
A/SWINE/MEXICO/AVX44/2012,A/SWINE/ILLINOIS/A01493472/2014,0.0368484
A/SWINE/MEXICO/AVX31/2012,A/SWINE/ILLINOIS/A01493472/2014,0.0151373
A/SWINE/MINNESOTA/A01781045/2016,A/SWINE/ILLINOIS/A01493472/2014,0.1163945
A/SWINE/ALBERTA/SD0191/2016,A/SWINE/ILLINOIS/A01493472/2014,0.1250008
A/SWINE/SASKATCHEWAN/SD0094/2015,A/SWINE/ILLINOIS/A01493472/2014,0.10968
A/SWINE/MANITOBA/SD0114/2015,A/SWINE/ILLINOIS/A01493472/2014,0.1166506
A/SWINE/ALBERTA/SD0154/2016,A/SWINE/ILLINOIS/A01493472/2014,0.1123129
A/SWINE/MANITOBA/D0392/2014,A/SWINE/ILLINOIS/A01493472/2014,0.1151283
A/SWINE/SASKATCHEWAN/SD0102/2015,A/SWINE/ILLINOIS/A01493472/2014,0.114975
A/SWINE/SASKATCHEWAN/SD0200/2016,A/SWINE/ILLINOIS/A01493472/2014,0.1226707
A/SWINE/ALBERTA/SD0125/2015,A/SWINE/ILLINOIS/A01493472/2014,0.1151019
A/SWINE/ILLINOIS/A01644323/2018,A/SWINE/ILLINOIS/A01493472/2014,0.2229506
A/SWINE/ILLINOIS/A02139356/2018,A/SWINE/ILLINOIS/A01493472/2014,0.2239266
A/SWINE/MICHIGAN/A01104117/2018,A/SWINE/ILLINOIS/A01493472/2014,0.2248516
A/SWINE/ALBERTA/SD0014/2013,A/SWINE/MINNESOTA/A01567490/2014,0.1104572
A/SWINE/MANITOBA/D0348/2014,A/SWINE/MINNESOTA/A01567490/2014,0.1103863
A/SWINE/MANITOBA/D0333/2014,A/SWINE/MINNESOTA/A01567490/2014,0.1073609
A/OHIO/9/2015,A/SWINE/MINNESOTA/A01567490/2014,0.0366282
A/MINNESOTA/45/2016,A/SWINE/MINNESOTA/A01567490/2014,0.1130595
A/MEXICO/4108/2009,A/SWINE/MINNESOTA/A01567490/2014,0.0523145
A/SWINE/MINNESOTA/A01134353/2011,A/SWINE/MINNESOTA/A01567490/2014,0.2350889
A/SWINE/OKLAHOMA/A01409770/2014,A/SWINE/MINNESOTA/A01567490/2014,0.2198283
A/SWINE/NEBRASKA/A01492366/2014,A/SWINE/MINNESOTA/A01567490/2014,0.235861
A/SWINE/ILLINOIS/A01493472/2014,A/SWINE/MINNESOTA/A01567490/2014,0.060628
A/SWINE/MINNESOTA/A01567490/2014,A/SWINE/MINNESOTA/A01567490/2014,0
A/SWINE/NORTH_CAROLINA/A01841602/2015,A/SWINE/MINNESOTA/A01567490/2014,0.0351854
A/SWINE/OHIO/A01847657/2015,A/SWINE/MINNESOTA/A01567490/2014,0.0354039
A/SWINE/NORTH_CAROLINA/A02076926/2015,A/SWINE/MINNESOTA/A01567490/2014,0.0343481
A/SWINE/NORTH_CAROLINA/A01797415/2015,A/SWINE/MINNESOTA/A01567490/2014,0.0241298
A/SWINE/NORTH_CAROLINA/A01730369/2016,A/SWINE/MINNESOTA/A01567490/2014,0.0225498
A/SWINE/IOWA/A01731653/2016,A/SWINE/MINNESOTA/A01567490/2014,0.0143057
A/SWINE/MEXICO/AVX61/2013,A/SWINE/MINNESOTA/A01567490/2014,0.2236248
A/SWINE/MEXICO/AVX18/2012,A/SWINE/MINNESOTA/A01567490/2014,0.2219877
A/SWINE/MEXICO/AVX23/2012,A/SWINE/MINNESOTA/A01567490/2014,0.072249
A/SWINE/MEXICO/AVX44/2012,A/SWINE/MINNESOTA/A01567490/2014,0.0663473
A/SWINE/MEXICO/AVX31/2012,A/SWINE/MINNESOTA/A01567490/2014,0.0573209
A/SWINE/MINNESOTA/A01781045/2016,A/SWINE/MINNESOTA/A01567490/2014,0.1108648
A/SWINE/ALBERTA/SD0191/2016,A/SWINE/MINNESOTA/A01567490/2014,0.1202689
A/SWINE/SASKATCHEWAN/SD0094/2015,A/SWINE/MINNESOTA/A01567490/2014,0.1026026
A/SWINE/MANITOBA/SD0114/2015,A/SWINE/MINNESOTA/A01567490/2014,0.1111313
A/SWINE/ALBERTA/SD0154/2016,A/SWINE/MINNESOTA/A01567490/2014,0.1150851
A/SWINE/MANITOBA/D0392/2014,A/SWINE/MINNESOTA/A01567490/2014,0.1113657
A/SWINE/SASKATCHEWAN/SD0102/2015,A/SWINE/MINNESOTA/A01567490/2014,0.1097112
A/SWINE/SASKATCHEWAN/SD0200/2016,A/SWINE/MINNESOTA/A01567490/2014,0.1172928
A/SWINE/ALBERTA/SD0125/2015,A/SWINE/MINNESOTA/A01567490/2014,0.1058969
A/SWINE/ILLINOIS/A01644323/2018,A/SWINE/MINNESOTA/A01567490/2014,0.2333404
A/SWINE/ILLINOIS/A02139356/2018,A/SWINE/MINNESOTA/A01567490/2014,0.2212282
A/SWINE/MICHIGAN/A01104117/2018,A/SWINE/MINNESOTA/A01567490/2014,0.223606
A/SWINE/ALBERTA/SD0014/2013,A/SWINE/NORTH_CAROLINA/A01841602/2015,0.1137222
A/SWINE/MANITOBA/D0348/2014,A/SWINE/NORTH_CAROLINA/A01841602/2015,0.1131429
A/SWINE/MANITOBA/D0333/2014,A/SWINE/NORTH_CAROLINA/A01841602/2015,0.1121084
A/OHIO/9/2015,A/SWINE/NORTH_CAROLINA/A01841602/2015,0.0058178
A/MINNESOTA/45/2016,A/SWINE/NORTH_CAROLINA/A01841602/2015,0.1166852
A/MEXICO/4108/2009,A/SWINE/NORTH_CAROLINA/A01841602/2015,0.0577147
A/SWINE/MINNESOTA/A01134353/2011,A/SWINE/NORTH_CAROLINA/A01841602/2015,0.2321413
A/SWINE/OKLAHOMA/A01409770/2014,A/SWINE/NORTH_CAROLINA/A01841602/2015,0.2274739
A/SWINE/NEBRASKA/A01492366/2014,A/SWINE/NORTH_CAROLINA/A01841602/2015,0.2344543
A/SWINE/ILLINOIS/A01493472/2014,A/SWINE/NORTH_CAROLINA/A01841602/2015,0.0662303
A/SWINE/MINNESOTA/A01567490/2014,A/SWINE/NORTH_CAROLINA/A01841602/2015,0.0351854
A/SWINE/NORTH_CAROLINA/A01841602/2015,A/SWINE/NORTH_CAROLINA/A01841602/2015,0
A/SWINE/OHIO/A01847657/2015,A/SWINE/NORTH_CAROLINA/A01841602/2015,0.0055716
A/SWINE/NORTH_CAROLINA/A02076926/2015,A/SWINE/NORTH_CAROLINA/A01841602/2015,0.0007311
A/SWINE/NORTH_CAROLINA/A01797415/2015,A/SWINE/NORTH_CAROLINA/A01841602/2015,0.0396442
A/SWINE/NORTH_CAROLINA/A01730369/2016,A/SWINE/NORTH_CAROLINA/A01841602/2015,0.037978
A/SWINE/IOWA/A01731653/2016,A/SWINE/NORTH_CAROLINA/A01841602/2015,0.0423436
A/SWINE/MEXICO/AVX61/2013,A/SWINE/NORTH_CAROLINA/A01841602/2015,0.2267801
A/SWINE/MEXICO/AVX18/2012,A/SWINE/NORTH_CAROLINA/A01841602/2015,0.2249918
A/SWINE/MEXICO/AVX23/2012,A/SWINE/NORTH_CAROLINA/A01841602/2015,0.0834601
A/SWINE/MEXICO/AVX44/2012,A/SWINE/NORTH_CAROLINA/A01841602/2015,0.0680727
A/SWINE/MEXICO/AVX31/2012,A/SWINE/NORTH_CAROLINA/A01841602/2015,0.0619242
A/SWINE/MINNESOTA/A01781045/2016,A/SWINE/NORTH_CAROLINA/A01841602/2015,0.1158021
A/SWINE/ALBERTA/SD0191/2016,A/SWINE/NORTH_CAROLINA/A01841602/2015,0.1259019
A/SWINE/SASKATCHEWAN/SD0094/2015,A/SWINE/NORTH_CAROLINA/A01841602/2015,0.1080986
A/SWINE/MANITOBA/SD0114/2015,A/SWINE/NORTH_CAROLINA/A01841602/2015,0.1149818
A/SWINE/ALBERTA/SD0154/2016,A/SWINE/NORTH_CAROLINA/A01841602/2015,0.1184065
A/SWINE/MANITOBA/D0392/2014,A/SWINE/NORTH_CAROLINA/A01841602/2015,0.1133853
A/SWINE/SASKATCHEWAN/SD0102/2015,A/SWINE/NORTH_CAROLINA/A01841602/2015,0.1143711
A/SWINE/SASKATCHEWAN/SD0200/2016,A/SWINE/NORTH_CAROLINA/A01841602/2015,0.1201273
A/SWINE/ALBERTA/SD0125/2015,A/SWINE/NORTH_CAROLINA/A01841602/2015,0.1136027
A/SWINE/ILLINOIS/A01644323/2018,A/SWINE/NORTH_CAROLINA/A01841602/2015,0.2350424
A/SWINE/ILLINOIS/A02139356/2018,A/SWINE/NORTH_CAROLINA/A01841602/2015,0.2274904
A/SWINE/MICHIGAN/A01104117/2018,A/SWINE/NORTH_CAROLINA/A01841602/2015,0.2299698
A/SWINE/ALBERTA/SD0014/2013,A/SWINE/OHIO/A01847657/2015,0.1158902
A/SWINE/MANITOBA/D0348/2014,A/SWINE/OHIO/A01847657/2015,0.111449
A/SWINE/MANITOBA/D0333/2014,A/SWINE/OHIO/A01847657/2015,0.1119911
A/OHIO/9/2015,A/SWINE/OHIO/A01847657/2015,0.0015297
A/MINNESOTA/45/2016,A/SWINE/OHIO/A01847657/2015,0.1149646
A/MEXICO/4108/2009,A/SWINE/OHIO/A01847657/2015,0.0569607
A/SWINE/MINNESOTA/A01134353/2011,A/SWINE/OHIO/A01847657/2015,0.2318176
A/SWINE/OKLAHOMA/A01409770/2014,A/SWINE/OHIO/A01847657/2015,0.225438
A/SWINE/NEBRASKA/A01492366/2014,A/SWINE/OHIO/A01847657/2015,0.2341242
A/SWINE/ILLINOIS/A01493472/2014,A/SWINE/OHIO/A01847657/2015,0.0654251
A/SWINE/MINNESOTA/A01567490/2014,A/SWINE/OHIO/A01847657/2015,0.0354039
A/SWINE/NORTH_CAROLINA/A01841602/2015,A/SWINE/OHIO/A01847657/2015,0.0055716
A/SWINE/OHIO/A01847657/2015,A/SWINE/OHIO/A01847657/2015,0
A/SWINE/NORTH_CAROLINA/A02076926/2015,A/SWINE/OHIO/A01847657/2015,0.0055712
A/SWINE/NORTH_CAROLINA/A01797415/2015,A/SWINE/OHIO/A01847657/2015,0.0398467
A/SWINE/NORTH_CAROLINA/A01730369/2016,A/SWINE/OHIO/A01847657/2015,0.0381861
A/SWINE/IOWA/A01731653/2016,A/SWINE/OHIO/A01847657/2015,0.042538
A/SWINE/MEXICO/AVX61/2013,A/SWINE/OHIO/A01847657/2015,0.2255684
A/SWINE/MEXICO/AVX18/2012,A/SWINE/OHIO/A01847657/2015,0.2231809
A/SWINE/MEXICO/AVX23/2012,A/SWINE/OHIO/A01847657/2015,0.0827601
A/SWINE/MEXICO/AVX44/2012,A/SWINE/OHIO/A01847657/2015,0.0672557
A/SWINE/MEXICO/AVX31/2012,A/SWINE/OHIO/A01847657/2015,0.0620597
A/SWINE/MINNESOTA/A01781045/2016,A/SWINE/OHIO/A01847657/2015,0.1140868
A/SWINE/ALBERTA/SD0191/2016,A/SWINE/OHIO/A01847657/2015,0.1241032
A/SWINE/SASKATCHEWAN/SD0094/2015,A/SWINE/OHIO/A01847657/2015,0.1102935
A/SWINE/MANITOBA/SD0114/2015,A/SWINE/OHIO/A01847657/2015,0.1132764
A/SWINE/ALBERTA/SD0154/2016,A/SWINE/OHIO/A01847657/2015,0.1184062
A/SWINE/MANITOBA/D0392/2014,A/SWINE/OHIO/A01847657/2015,0.111692
A/SWINE/SASKATCHEWAN/SD0102/2015,A/SWINE/OHIO/A01847657/2015,0.1126669
A/SWINE/SASKATCHEWAN/SD0200/2016,A/SWINE/OHIO/A01847657/2015,0.1172556
A/SWINE/ALBERTA/SD0125/2015,A/SWINE/OHIO/A01847657/2015,0.1169366
A/SWINE/ILLINOIS/A01644323/2018,A/SWINE/OHIO/A01847657/2015,0.2347079
A/SWINE/ILLINOIS/A02139356/2018,A/SWINE/OHIO/A01847657/2015,0.2254461
A/SWINE/MICHIGAN/A01104117/2018,A/SWINE/OHIO/A01847657/2015,0.2279118
A/SWINE/ALBERTA/SD0014/2013,A/SWINE/NORTH_CAROLINA/A02076926/2015,0.1137057
A/SWINE/MANITOBA/D0348/2014,A/SWINE/NORTH_CAROLINA/A02076926/2015,0.1131264
A/SWINE/MANITOBA/D0333/2014,A/SWINE/NORTH_CAROLINA/A02076926/2015,0.1110359
A/OHIO/9/2015,A/SWINE/NORTH_CAROLINA/A02076926/2015,0.0058173
A/MINNESOTA/45/2016,A/SWINE/NORTH_CAROLINA/A02076926/2015,0.1155851
A/MEXICO/4108/2009,A/SWINE/NORTH_CAROLINA/A02076926/2015,0.0568119
A/SWINE/MINNESOTA/A01134353/2011,A/SWINE/NORTH_CAROLINA/A02076926/2015,0.2320911
A/SWINE/OKLAHOMA/A01409770/2014,A/SWINE/NORTH_CAROLINA/A02076926/2015,0.2274249
A/SWINE/NEBRASKA/A01492366/2014,A/SWINE/NORTH_CAROLINA/A02076926/2015,0.2344035
A/SWINE/ILLINOIS/A01493472/2014,A/SWINE/NORTH_CAROLINA/A02076926/2015,0.0653015
A/SWINE/MINNESOTA/A01567490/2014,A/SWINE/NORTH_CAROLINA/A02076926/2015,0.0343481
A/SWINE/NORTH_CAROLINA/A01841602/2015,A/SWINE/NORTH_CAROLINA/A02076926/2015,0.0007311
A/SWINE/OHIO/A01847657/2015,A/SWINE/NORTH_CAROLINA/A02076926/2015,0.0055712
A/SWINE/NORTH_CAROLINA/A02076926/2015,A/SWINE/NORTH_CAROLINA/A02076926/2015,0
A/SWINE/NORTH_CAROLINA/A01797415/2015,A/SWINE/NORTH_CAROLINA/A02076926/2015,0.0387984
A/SWINE/NORTH_CAROLINA/A01730369/2016,A/SWINE/NORTH_CAROLINA/A02076926/2015,0.0371362
A/SWINE/IOWA/A01731653/2016,A/SWINE/NORTH_CAROLINA/A02076926/2015,0.0414875
A/SWINE/MEXICO/AVX61/2013,A/SWINE/NORTH_CAROLINA/A02076926/2015,0.2267317
A/SWINE/MEXICO/AVX18/2012,A/SWINE/NORTH_CAROLINA/A02076926/2015,0.2249439
A/SWINE/MEXICO/AVX23/2012,A/SWINE/NORTH_CAROLINA/A02076926/2015,0.082476
A/SWINE/MEXICO/AVX44/2012,A/SWINE/NORTH_CAROLINA/A02076926/2015,0.0680647
A/SWINE/MEXICO/AVX31/2012,A/SWINE/NORTH_CAROLINA/A02076926/2015,0.061008
A/SWINE/MINNESOTA/A01781045/2016,A/SWINE/NORTH_CAROLINA/A02076926/2015,0.1157851
A/SWINE/ALBERTA/SD0191/2016,A/SWINE/NORTH_CAROLINA/A02076926/2015,0.1247696
A/SWINE/SASKATCHEWAN/SD0094/2015,A/SWINE/NORTH_CAROLINA/A02076926/2015,0.1091578
A/SWINE/MANITOBA/SD0114/2015,A/SWINE/NORTH_CAROLINA/A02076926/2015,0.114965
A/SWINE/ALBERTA/SD0154/2016,A/SWINE/NORTH_CAROLINA/A02076926/2015,0.1183891
A/SWINE/MANITOBA/D0392/2014,A/SWINE/NORTH_CAROLINA/A02076926/2015,0.1133688
A/SWINE/SASKATCHEWAN/SD0102/2015,A/SWINE/NORTH_CAROLINA/A02076926/2015,0.113277
A/SWINE/SASKATCHEWAN/SD0200/2016,A/SWINE/NORTH_CAROLINA/A02076926/2015,0.1201092
A/SWINE/ALBERTA/SD0125/2015,A/SWINE/NORTH_CAROLINA/A02076926/2015,0.1146796
A/SWINE/ILLINOIS/A01644323/2018,A/SWINE/NORTH_CAROLINA/A02076926/2015,0.2349908
A/SWINE/ILLINOIS/A02139356/2018,A/SWINE/NORTH_CAROLINA/A02076926/2015,0.2274412
A/SWINE/MICHIGAN/A01104117/2018,A/SWINE/NORTH_CAROLINA/A02076926/2015,0.2299198
A/SWINE/ALBERTA/SD0014/2013,A/SWINE/NORTH_CAROLINA/A01797415/2015,0.103029
A/SWINE/MANITOBA/D0348/2014,A/SWINE/NORTH_CAROLINA/A01797415/2015,0.1128637
A/SWINE/MANITOBA/D0333/2014,A/SWINE/NORTH_CAROLINA/A01797415/2015,0.1085329
A/OHIO/9/2015,A/SWINE/NORTH_CAROLINA/A01797415/2015,0.0403894
A/MINNESOTA/45/2016,A/SWINE/NORTH_CAROLINA/A01797415/2015,0.1134268
A/MEXICO/4108/2009,A/SWINE/NORTH_CAROLINA/A01797415/2015,0.0571731
A/SWINE/MINNESOTA/A01134353/2011,A/SWINE/NORTH_CAROLINA/A01797415/2015,0.2167377
A/SWINE/OKLAHOMA/A01409770/2014,A/SWINE/NORTH_CAROLINA/A01797415/2015,0.2066224
A/SWINE/NEBRASKA/A01492366/2014,A/SWINE/NORTH_CAROLINA/A01797415/2015,0.2189326
A/SWINE/ILLINOIS/A01493472/2014,A/SWINE/NORTH_CAROLINA/A01797415/2015,0.063775
A/SWINE/MINNESOTA/A01567490/2014,A/SWINE/NORTH_CAROLINA/A01797415/2015,0.0241298
A/SWINE/NORTH_CAROLINA/A01841602/2015,A/SWINE/NORTH_CAROLINA/A01797415/2015,0.0396442
A/SWINE/OHIO/A01847657/2015,A/SWINE/NORTH_CAROLINA/A01797415/2015,0.0398467
A/SWINE/NORTH_CAROLINA/A02076926/2015,A/SWINE/NORTH_CAROLINA/A01797415/2015,0.0387984
A/SWINE/NORTH_CAROLINA/A01797415/2015,A/SWINE/NORTH_CAROLINA/A01797415/2015,0
A/SWINE/NORTH_CAROLINA/A01730369/2016,A/SWINE/NORTH_CAROLINA/A01797415/2015,0.0074181
A/SWINE/IOWA/A01731653/2016,A/SWINE/NORTH_CAROLINA/A01797415/2015,0.0277135
A/SWINE/MEXICO/AVX61/2013,A/SWINE/NORTH_CAROLINA/A01797415/2015,0.2084764
A/SWINE/MEXICO/AVX18/2012,A/SWINE/NORTH_CAROLINA/A01797415/2015,0.2081476
A/SWINE/MEXICO/AVX23/2012,A/SWINE/NORTH_CAROLINA/A01797415/2015,0.075554
A/SWINE/MEXICO/AVX44/2012,A/SWINE/NORTH_CAROLINA/A01797415/2015,0.0683518
A/SWINE/MEXICO/AVX31/2012,A/SWINE/NORTH_CAROLINA/A01797415/2015,0.0604413
A/SWINE/MINNESOTA/A01781045/2016,A/SWINE/NORTH_CAROLINA/A01797415/2015,0.112557
A/SWINE/ALBERTA/SD0191/2016,A/SWINE/NORTH_CAROLINA/A01797415/2015,0.1219528
A/SWINE/SASKATCHEWAN/SD0094/2015,A/SWINE/NORTH_CAROLINA/A01797415/2015,0.102486
A/SWINE/MANITOBA/SD0114/2015,A/SWINE/NORTH_CAROLINA/A01797415/2015,0.1117582
A/SWINE/ALBERTA/SD0154/2016,A/SWINE/NORTH_CAROLINA/A01797415/2015,0.108315
A/SWINE/MANITOBA/D0392/2014,A/SWINE/NORTH_CAROLINA/A01797415/2015,0.1138636
A/SWINE/SASKATCHEWAN/SD0102/2015,A/SWINE/NORTH_CAROLINA/A01797415/2015,0.111152
A/SWINE/SASKATCHEWAN/SD0200/2016,A/SWINE/NORTH_CAROLINA/A01797415/2015,0.1181009
A/SWINE/ALBERTA/SD0125/2015,A/SWINE/NORTH_CAROLINA/A01797415/2015,0.1049333
A/SWINE/ILLINOIS/A01644323/2018,A/SWINE/NORTH_CAROLINA/A01797415/2015,0.2192744
A/SWINE/ILLINOIS/A02139356/2018,A/SWINE/NORTH_CAROLINA/A01797415/2015,0.2107262
A/SWINE/MICHIGAN/A01104117/2018,A/SWINE/NORTH_CAROLINA/A01797415/2015,0.2116312
A/SWINE/ALBERTA/SD0014/2013,A/SWINE/NORTH_CAROLINA/A01730369/2016,0.1063682
A/SWINE/MANITOBA/D0348/2014,A/SWINE/NORTH_CAROLINA/A01730369/2016,0.1109662
A/SWINE/MANITOBA/D0333/2014,A/SWINE/NORTH_CAROLINA/A01730369/2016,0.1087492
A/OHIO/9/2015,A/SWINE/NORTH_CAROLINA/A01730369/2016,0.0390967
A/MINNESOTA/45/2016,A/SWINE/NORTH_CAROLINA/A01730369/2016,0.1120404
A/MEXICO/4108/2009,A/SWINE/NORTH_CAROLINA/A01730369/2016,0.0541387
A/SWINE/MINNESOTA/A01134353/2011,A/SWINE/NORTH_CAROLINA/A01730369/2016,0.2197207
A/SWINE/OKLAHOMA/A01409770/2014,A/SWINE/NORTH_CAROLINA/A01730369/2016,0.2110243
A/SWINE/NEBRASKA/A01492366/2014,A/SWINE/NORTH_CAROLINA/A01730369/2016,0.2204971
A/SWINE/ILLINOIS/A01493472/2014,A/SWINE/NORTH_CAROLINA/A01730369/2016,0.0624985
A/SWINE/MINNESOTA/A01567490/2014,A/SWINE/NORTH_CAROLINA/A01730369/2016,0.0225498
A/SWINE/NORTH_CAROLINA/A01841602/2015,A/SWINE/NORTH_CAROLINA/A01730369/2016,0.037978
A/SWINE/OHIO/A01847657/2015,A/SWINE/NORTH_CAROLINA/A01730369/2016,0.0381861
A/SWINE/NORTH_CAROLINA/A02076926/2015,A/SWINE/NORTH_CAROLINA/A01730369/2016,0.0371362
A/SWINE/NORTH_CAROLINA/A01797415/2015,A/SWINE/NORTH_CAROLINA/A01730369/2016,0.0074181
A/SWINE/NORTH_CAROLINA/A01730369/2016,A/SWINE/NORTH_CAROLINA/A01730369/2016,0
A/SWINE/IOWA/A01731653/2016,A/SWINE/NORTH_CAROLINA/A01730369/2016,0.0277272
A/SWINE/MEXICO/AVX61/2013,A/SWINE/NORTH_CAROLINA/A01730369/2016,0.2126793
A/SWINE/MEXICO/AVX18/2012,A/SWINE/NORTH_CAROLINA/A01730369/2016,0.2102736
A/SWINE/MEXICO/AVX23/2012,A/SWINE/NORTH_CAROLINA/A01730369/2016,0.0738122
A/SWINE/MEXICO/AVX44/2012,A/SWINE/NORTH_CAROLINA/A01730369/2016,0.0652268
A/SWINE/MEXICO/AVX31/2012,A/SWINE/NORTH_CAROLINA/A01730369/2016,0.0591738
A/SWINE/MINNESOTA/A01781045/2016,A/SWINE/NORTH_CAROLINA/A01730369/2016,0.1095242
A/SWINE/ALBERTA/SD0191/2016,A/SWINE/NORTH_CAROLINA/A01730369/2016,0.1194512
A/SWINE/SASKATCHEWAN/SD0094/2015,A/SWINE/NORTH_CAROLINA/A01730369/2016,0.1047744
A/SWINE/MANITOBA/SD0114/2015,A/SWINE/NORTH_CAROLINA/A01730369/2016,0.1098649
A/SWINE/ALBERTA/SD0154/2016,A/SWINE/NORTH_CAROLINA/A01730369/2016,0.1110847
A/SWINE/MANITOBA/D0392/2014,A/SWINE/NORTH_CAROLINA/A01730369/2016,0.1119641
A/SWINE/SASKATCHEWAN/SD0102/2015,A/SWINE/NORTH_CAROLINA/A01730369/2016,0.1092568
A/SWINE/SASKATCHEWAN/SD0200/2016,A/SWINE/NORTH_CAROLINA/A01730369/2016,0.115617
A/SWINE/ALBERTA/SD0125/2015,A/SWINE/NORTH_CAROLINA/A01730369/2016,0.1072442
A/SWINE/ILLINOIS/A01644323/2018,A/SWINE/NORTH_CAROLINA/A01730369/2016,0.2207868
A/SWINE/ILLINOIS/A02139356/2018,A/SWINE/NORTH_CAROLINA/A01730369/2016,0.2114469
A/SWINE/MICHIGAN/A01104117/2018,A/SWINE/NORTH_CAROLINA/A01730369/2016,0.2120625
A/SWINE/ALBERTA/SD0014/2013,A/SWINE/IOWA/A01731653/2016,0.1138362
A/SWINE/MANITOBA/D0348/2014,A/SWINE/IOWA/A01731653/2016,0.1119529
A/SWINE/MANITOBA/D0333/2014,A/SWINE/IOWA/A01731653/2016,0.1105649
A/OHIO/9/2015,A/SWINE/IOWA/A01731653/2016,0.0441105
A/MINNESOTA/45/2016,A/SWINE/IOWA/A01731653/2016,0.1159949
A/MEXICO/4108/2009,A/SWINE/IOWA/A01731653/2016,0.0542341
A/SWINE/MINNESOTA/A01134353/2011,A/SWINE/IOWA/A01731653/2016,0.2303443
A/SWINE/OKLAHOMA/A01409770/2014,A/SWINE/IOWA/A01731653/2016,0.2221802
A/SWINE/NEBRASKA/A01492366/2014,A/SWINE/IOWA/A01731653/2016,0.2314345
A/SWINE/ILLINOIS/A01493472/2014,A/SWINE/IOWA/A01731653/2016,0.0635334
A/SWINE/MINNESOTA/A01567490/2014,A/SWINE/IOWA/A01731653/2016,0.0143057
A/SWINE/NORTH_CAROLINA/A01841602/2015,A/SWINE/IOWA/A01731653/2016,0.0423436
A/SWINE/OHIO/A01847657/2015,A/SWINE/IOWA/A01731653/2016,0.042538
A/SWINE/NORTH_CAROLINA/A02076926/2015,A/SWINE/IOWA/A01731653/2016,0.0414875
A/SWINE/NORTH_CAROLINA/A01797415/2015,A/SWINE/IOWA/A01731653/2016,0.0277135
A/SWINE/NORTH_CAROLINA/A01730369/2016,A/SWINE/IOWA/A01731653/2016,0.0277272
A/SWINE/IOWA/A01731653/2016,A/SWINE/IOWA/A01731653/2016,0
A/SWINE/MEXICO/AVX61/2013,A/SWINE/IOWA/A01731653/2016,0.225234
A/SWINE/MEXICO/AVX18/2012,A/SWINE/IOWA/A01731653/2016,0.2200361
A/SWINE/MEXICO/AVX23/2012,A/SWINE/IOWA/A01731653/2016,0.0744176
A/SWINE/MEXICO/AVX44/2012,A/SWINE/IOWA/A01731653/2016,0.0686152
A/SWINE/MEXICO/AVX31/2012,A/SWINE/IOWA/A01731653/2016,0.060182
A/SWINE/MINNESOTA/A01781045/2016,A/SWINE/IOWA/A01731653/2016,0.1146078
A/SWINE/ALBERTA/SD0191/2016,A/SWINE/IOWA/A01731653/2016,0.1223152
A/SWINE/SASKATCHEWAN/SD0094/2015,A/SWINE/IOWA/A01731653/2016,0.1067244
A/SWINE/MANITOBA/SD0114/2015,A/SWINE/IOWA/A01731653/2016,0.1137947
A/SWINE/ALBERTA/SD0154/2016,A/SWINE/IOWA/A01731653/2016,0.1171571
A/SWINE/MANITOBA/D0392/2014,A/SWINE/IOWA/A01731653/2016,0.1120778
A/SWINE/SASKATCHEWAN/SD0102/2015,A/SWINE/IOWA/A01731653/2016,0.1123672
A/SWINE/SASKATCHEWAN/SD0200/2016,A/SWINE/IOWA/A01731653/2016,0.1181914
A/SWINE/ALBERTA/SD0125/2015,A/SWINE/IOWA/A01731653/2016,0.1092617
A/SWINE/ILLINOIS/A01644323/2018,A/SWINE/IOWA/A01731653/2016,0.2288993
A/SWINE/ILLINOIS/A02139356/2018,A/SWINE/IOWA/A01731653/2016,0.2223434
A/SWINE/MICHIGAN/A01104117/2018,A/SWINE/IOWA/A01731653/2016,0.2247132
A/SWINE/ALBERTA/SD0014/2013,A/SWINE/MEXICO/AVX61/2013,0.2128015
A/SWINE/MANITOBA/D0348/2014,A/SWINE/MEXICO/AVX61/2013,0.1981175
A/SWINE/MANITOBA/D0333/2014,A/SWINE/MEXICO/AVX61/2013,0.208162
A/OHIO/9/2015,A/SWINE/MEXICO/AVX61/2013,0.2331879
A/MINNESOTA/45/2016,A/SWINE/MEXICO/AVX61/2013,0.2003274
A/MEXICO/4108/2009,A/SWINE/MEXICO/AVX61/2013,0.2155058
A/SWINE/MINNESOTA/A01134353/2011,A/SWINE/MEXICO/AVX61/2013,0.0543585
A/SWINE/OKLAHOMA/A01409770/2014,A/SWINE/MEXICO/AVX61/2013,0.0579933
A/SWINE/NEBRASKA/A01492366/2014,A/SWINE/MEXICO/AVX61/2013,0.0632699
A/SWINE/ILLINOIS/A01493472/2014,A/SWINE/MEXICO/AVX61/2013,0.2167877
A/SWINE/MINNESOTA/A01567490/2014,A/SWINE/MEXICO/AVX61/2013,0.2236248
A/SWINE/NORTH_CAROLINA/A01841602/2015,A/SWINE/MEXICO/AVX61/2013,0.2267801
A/SWINE/OHIO/A01847657/2015,A/SWINE/MEXICO/AVX61/2013,0.2255684
A/SWINE/NORTH_CAROLINA/A02076926/2015,A/SWINE/MEXICO/AVX61/2013,0.2267317
A/SWINE/NORTH_CAROLINA/A01797415/2015,A/SWINE/MEXICO/AVX61/2013,0.2084764
A/SWINE/NORTH_CAROLINA/A01730369/2016,A/SWINE/MEXICO/AVX61/2013,0.2126793
A/SWINE/IOWA/A01731653/2016,A/SWINE/MEXICO/AVX61/2013,0.225234
A/SWINE/MEXICO/AVX61/2013,A/SWINE/MEXICO/AVX61/2013,0
A/SWINE/MEXICO/AVX18/2012,A/SWINE/MEXICO/AVX61/2013,0.0517578
A/SWINE/MEXICO/AVX23/2012,A/SWINE/MEXICO/AVX61/2013,0.2027086
A/SWINE/MEXICO/AVX44/2012,A/SWINE/MEXICO/AVX61/2013,0.2053894
A/SWINE/MEXICO/AVX31/2012,A/SWINE/MEXICO/AVX61/2013,0.2130831
A/SWINE/MINNESOTA/A01781045/2016,A/SWINE/MEXICO/AVX61/2013,0.1942321
A/SWINE/ALBERTA/SD0191/2016,A/SWINE/MEXICO/AVX61/2013,0.2043882
A/SWINE/SASKATCHEWAN/SD0094/2015,A/SWINE/MEXICO/AVX61/2013,0.2064379
A/SWINE/MANITOBA/SD0114/2015,A/SWINE/MEXICO/AVX61/2013,0.1919348
A/SWINE/ALBERTA/SD0154/2016,A/SWINE/MEXICO/AVX61/2013,0.22924
A/SWINE/MANITOBA/D0392/2014,A/SWINE/MEXICO/AVX61/2013,0.2003142
A/SWINE/SASKATCHEWAN/SD0102/2015,A/SWINE/MEXICO/AVX61/2013,0.1999447
A/SWINE/SASKATCHEWAN/SD0200/2016,A/SWINE/MEXICO/AVX61/2013,0.2045321
A/SWINE/ALBERTA/SD0125/2015,A/SWINE/MEXICO/AVX61/2013,0.2098213
A/SWINE/ILLINOIS/A01644323/2018,A/SWINE/MEXICO/AVX61/2013,0.0710922
A/SWINE/ILLINOIS/A02139356/2018,A/SWINE/MEXICO/AVX61/2013,0.0645327
A/SWINE/MICHIGAN/A01104117/2018,A/SWINE/MEXICO/AVX61/2013,0.0687464
A/SWINE/ALBERTA/SD0014/2013,A/SWINE/MEXICO/AVX18/2012,0.2185231
A/SWINE/MANITOBA/D0348/2014,A/SWINE/MEXICO/AVX18/2012,0.2094017
A/SWINE/MANITOBA/D0333/2014,A/SWINE/MEXICO/AVX18/2012,0.2184869
A/OHIO/9/2015,A/SWINE/MEXICO/AVX18/2012,0.2298436
A/MINNESOTA/45/2016,A/SWINE/MEXICO/AVX18/2012,0.2107716
A/MEXICO/4108/2009,A/SWINE/MEXICO/AVX18/2012,0.2166734
A/SWINE/MINNESOTA/A01134353/2011,A/SWINE/MEXICO/AVX18/2012,0.0537675
A/SWINE/OKLAHOMA/A01409770/2014,A/SWINE/MEXICO/AVX18/2012,0.0634616
A/SWINE/NEBRASKA/A01492366/2014,A/SWINE/MEXICO/AVX18/2012,0.0593555
A/SWINE/ILLINOIS/A01493472/2014,A/SWINE/MEXICO/AVX18/2012,0.2142709
A/SWINE/MINNESOTA/A01567490/2014,A/SWINE/MEXICO/AVX18/2012,0.2219877
A/SWINE/NORTH_CAROLINA/A01841602/2015,A/SWINE/MEXICO/AVX18/2012,0.2249918
A/SWINE/OHIO/A01847657/2015,A/SWINE/MEXICO/AVX18/2012,0.2231809
A/SWINE/NORTH_CAROLINA/A02076926/2015,A/SWINE/MEXICO/AVX18/2012,0.2249439
A/SWINE/NORTH_CAROLINA/A01797415/2015,A/SWINE/MEXICO/AVX18/2012,0.2081476
A/SWINE/NORTH_CAROLINA/A01730369/2016,A/SWINE/MEXICO/AVX18/2012,0.2102736
A/SWINE/IOWA/A01731653/2016,A/SWINE/MEXICO/AVX18/2012,0.2200361
A/SWINE/MEXICO/AVX61/2013,A/SWINE/MEXICO/AVX18/2012,0.0517578
A/SWINE/MEXICO/AVX18/2012,A/SWINE/MEXICO/AVX18/2012,0
A/SWINE/MEXICO/AVX23/2012,A/SWINE/MEXICO/AVX18/2012,0.2009066
A/SWINE/MEXICO/AVX44/2012,A/SWINE/MEXICO/AVX18/2012,0.21338
A/SWINE/MEXICO/AVX31/2012,A/SWINE/MEXICO/AVX18/2012,0.2159082
A/SWINE/MINNESOTA/A01781045/2016,A/SWINE/MEXICO/AVX18/2012,0.2053762
A/SWINE/ALBERTA/SD0191/2016,A/SWINE/MEXICO/AVX18/2012,0.2150631
A/SWINE/SASKATCHEWAN/SD0094/2015,A/SWINE/MEXICO/AVX18/2012,0.2130168
A/SWINE/MANITOBA/SD0114/2015,A/SWINE/MEXICO/AVX18/2012,0.2037863
A/SWINE/ALBERTA/SD0154/2016,A/SWINE/MEXICO/AVX18/2012,0.2246116
A/SWINE/MANITOBA/D0392/2014,A/SWINE/MEXICO/AVX18/2012,0.2110548
A/SWINE/SASKATCHEWAN/SD0102/2015,A/SWINE/MEXICO/AVX18/2012,0.2106203
A/SWINE/SASKATCHEWAN/SD0200/2016,A/SWINE/MEXICO/AVX18/2012,0.2119597
A/SWINE/ALBERTA/SD0125/2015,A/SWINE/MEXICO/AVX18/2012,0.2147689
A/SWINE/ILLINOIS/A01644323/2018,A/SWINE/MEXICO/AVX18/2012,0.0682164
A/SWINE/ILLINOIS/A02139356/2018,A/SWINE/MEXICO/AVX18/2012,0.0687517
A/SWINE/MICHIGAN/A01104117/2018,A/SWINE/MEXICO/AVX18/2012,0.0733587
A/SWINE/ALBERTA/SD0014/2013,A/SWINE/MEXICO/AVX23/2012,0.0983444
A/SWINE/MANITOBA/D0348/2014,A/SWINE/MEXICO/AVX23/2012,0.1003458
A/SWINE/MANITOBA/D0333/2014,A/SWINE/MEXICO/AVX23/2012,0.1031766
A/OHIO/9/2015,A/SWINE/MEXICO/AVX23/2012,0.0838737
A/MINNESOTA/45/2016,A/SWINE/MEXICO/AVX23/2012,0.1029545
A/MEXICO/4108/2009,A/SWINE/MEXICO/AVX23/2012,0.0780938
A/SWINE/MINNESOTA/A01134353/2011,A/SWINE/MEXICO/AVX23/2012,0.2034084
A/SWINE/OKLAHOMA/A01409770/2014,A/SWINE/MEXICO/AVX23/2012,0.2001308
A/SWINE/NEBRASKA/A01492366/2014,A/SWINE/MEXICO/AVX23/2012,0.2044128
A/SWINE/ILLINOIS/A01493472/2014,A/SWINE/MEXICO/AVX23/2012,0.0866447
A/SWINE/MINNESOTA/A01567490/2014,A/SWINE/MEXICO/AVX23/2012,0.072249
A/SWINE/NORTH_CAROLINA/A01841602/2015,A/SWINE/MEXICO/AVX23/2012,0.0834601
A/SWINE/OHIO/A01847657/2015,A/SWINE/MEXICO/AVX23/2012,0.0827601
A/SWINE/NORTH_CAROLINA/A02076926/2015,A/SWINE/MEXICO/AVX23/2012,0.082476
A/SWINE/NORTH_CAROLINA/A01797415/2015,A/SWINE/MEXICO/AVX23/2012,0.075554
A/SWINE/NORTH_CAROLINA/A01730369/2016,A/SWINE/MEXICO/AVX23/2012,0.0738122
A/SWINE/IOWA/A01731653/2016,A/SWINE/MEXICO/AVX23/2012,0.0744176
A/SWINE/MEXICO/AVX61/2013,A/SWINE/MEXICO/AVX23/2012,0.2027086
A/SWINE/MEXICO/AVX18/2012,A/SWINE/MEXICO/AVX23/2012,0.2009066
A/SWINE/MEXICO/AVX23/2012,A/SWINE/MEXICO/AVX23/2012,0
A/SWINE/MEXICO/AVX44/2012,A/SWINE/MEXICO/AVX23/2012,0.0850487
A/SWINE/MEXICO/AVX31/2012,A/SWINE/MEXICO/AVX23/2012,0.0816388
A/SWINE/MINNESOTA/A01781045/2016,A/SWINE/MEXICO/AVX23/2012,0.1026579
A/SWINE/ALBERTA/SD0191/2016,A/SWINE/MEXICO/AVX23/2012,0.1117617
A/SWINE/SASKATCHEWAN/SD0094/2015,A/SWINE/MEXICO/AVX23/2012,0.0958536
A/SWINE/MANITOBA/SD0114/2015,A/SWINE/MEXICO/AVX23/2012,0.101903
A/SWINE/ALBERTA/SD0154/2016,A/SWINE/MEXICO/AVX23/2012,0.1063702
A/SWINE/MANITOBA/D0392/2014,A/SWINE/MEXICO/AVX23/2012,0.1002732
A/SWINE/SASKATCHEWAN/SD0102/2015,A/SWINE/MEXICO/AVX23/2012,0.0996344
A/SWINE/SASKATCHEWAN/SD0200/2016,A/SWINE/MEXICO/AVX23/2012,0.109501
A/SWINE/ALBERTA/SD0125/2015,A/SWINE/MEXICO/AVX23/2012,0.0982718
A/SWINE/ILLINOIS/A01644323/2018,A/SWINE/MEXICO/AVX23/2012,0.2065624
A/SWINE/ILLINOIS/A02139356/2018,A/SWINE/MEXICO/AVX23/2012,0.2049913
A/SWINE/MICHIGAN/A01104117/2018,A/SWINE/MEXICO/AVX23/2012,0.2052656
A/SWINE/ALBERTA/SD0014/2013,A/SWINE/MEXICO/AVX44/2012,0.1169685
A/SWINE/MANITOBA/D0348/2014,A/SWINE/MEXICO/AVX44/2012,0.1155154
A/SWINE/MANITOBA/D0333/2014,A/SWINE/MEXICO/AVX44/2012,0.1138954
A/OHIO/9/2015,A/SWINE/MEXICO/AVX44/2012,0.0685972
A/MINNESOTA/45/2016,A/SWINE/MEXICO/AVX44/2012,0.1191958
A/MEXICO/4108/2009,A/SWINE/MEXICO/AVX44/2012,0.029028
A/SWINE/MINNESOTA/A01134353/2011,A/SWINE/MEXICO/AVX44/2012,0.2178178
A/SWINE/OKLAHOMA/A01409770/2014,A/SWINE/MEXICO/AVX44/2012,0.2186339
A/SWINE/NEBRASKA/A01492366/2014,A/SWINE/MEXICO/AVX44/2012,0.2182815
A/SWINE/ILLINOIS/A01493472/2014,A/SWINE/MEXICO/AVX44/2012,0.0368484
A/SWINE/MINNESOTA/A01567490/2014,A/SWINE/MEXICO/AVX44/2012,0.0663473
A/SWINE/NORTH_CAROLINA/A01841602/2015,A/SWINE/MEXICO/AVX44/2012,0.0680727
A/SWINE/OHIO/A01847657/2015,A/SWINE/MEXICO/AVX44/2012,0.0672557
A/SWINE/NORTH_CAROLINA/A02076926/2015,A/SWINE/MEXICO/AVX44/2012,0.0680647
A/SWINE/NORTH_CAROLINA/A01797415/2015,A/SWINE/MEXICO/AVX44/2012,0.0683518
A/SWINE/NORTH_CAROLINA/A01730369/2016,A/SWINE/MEXICO/AVX44/2012,0.0652268
A/SWINE/IOWA/A01731653/2016,A/SWINE/MEXICO/AVX44/2012,0.0686152
A/SWINE/MEXICO/AVX61/2013,A/SWINE/MEXICO/AVX44/2012,0.2053894
A/SWINE/MEXICO/AVX18/2012,A/SWINE/MEXICO/AVX44/2012,0.21338
A/SWINE/MEXICO/AVX23/2012,A/SWINE/MEXICO/AVX44/2012,0.0850487
A/SWINE/MEXICO/AVX44/2012,A/SWINE/MEXICO/AVX44/2012,0
A/SWINE/MEXICO/AVX31/2012,A/SWINE/MEXICO/AVX44/2012,0.0344118
A/SWINE/MINNESOTA/A01781045/2016,A/SWINE/MEXICO/AVX44/2012,0.1152986
A/SWINE/ALBERTA/SD0191/2016,A/SWINE/MEXICO/AVX44/2012,0.1260566
A/SWINE/SASKATCHEWAN/SD0094/2015,A/SWINE/MEXICO/AVX44/2012,0.114053
A/SWINE/MANITOBA/SD0114/2015,A/SWINE/MEXICO/AVX44/2012,0.1161555
A/SWINE/ALBERTA/SD0154/2016,A/SWINE/MEXICO/AVX44/2012,0.1186276
A/SWINE/MANITOBA/D0392/2014,A/SWINE/MEXICO/AVX44/2012,0.1175604
A/SWINE/SASKATCHEWAN/SD0102/2015,A/SWINE/MEXICO/AVX44/2012,0.1177079
A/SWINE/SASKATCHEWAN/SD0200/2016,A/SWINE/MEXICO/AVX44/2012,0.1230421
A/SWINE/ALBERTA/SD0125/2015,A/SWINE/MEXICO/AVX44/2012,0.1209144
A/SWINE/ILLINOIS/A01644323/2018,A/SWINE/MEXICO/AVX44/2012,0.2206797
A/SWINE/ILLINOIS/A02139356/2018,A/SWINE/MEXICO/AVX44/2012,0.2152551
A/SWINE/MICHIGAN/A01104117/2018,A/SWINE/MEXICO/AVX44/2012,0.21468
A/SWINE/ALBERTA/SD0014/2013,A/SWINE/MEXICO/AVX31/2012,0.1114365
A/SWINE/MANITOBA/D0348/2014,A/SWINE/MEXICO/AVX31/2012,0.1083628
A/SWINE/MANITOBA/D0333/2014,A/SWINE/MEXICO/AVX31/2012,0.1084902
A/OHIO/9/2015,A/SWINE/MEXICO/AVX31/2012,0.0636349
A/MINNESOTA/45/2016,A/SWINE/MEXICO/AVX31/2012,0.1125524
A/MEXICO/4108/2009,A/SWINE/MEXICO/AVX31/2012,0.0082038
A/SWINE/MINNESOTA/A01134353/2011,A/SWINE/MEXICO/AVX31/2012,0.2187204
A/SWINE/OKLAHOMA/A01409770/2014,A/SWINE/MEXICO/AVX31/2012,0.220466
A/SWINE/NEBRASKA/A01492366/2014,A/SWINE/MEXICO/AVX31/2012,0.2176992
A/SWINE/ILLINOIS/A01493472/2014,A/SWINE/MEXICO/AVX31/2012,0.0151373
A/SWINE/MINNESOTA/A01567490/2014,A/SWINE/MEXICO/AVX31/2012,0.0573209
A/SWINE/NORTH_CAROLINA/A01841602/2015,A/SWINE/MEXICO/AVX31/2012,0.0619242
A/SWINE/OHIO/A01847657/2015,A/SWINE/MEXICO/AVX31/2012,0.0620597
A/SWINE/NORTH_CAROLINA/A02076926/2015,A/SWINE/MEXICO/AVX31/2012,0.061008
A/SWINE/NORTH_CAROLINA/A01797415/2015,A/SWINE/MEXICO/AVX31/2012,0.0604413
A/SWINE/NORTH_CAROLINA/A01730369/2016,A/SWINE/MEXICO/AVX31/2012,0.0591738
A/SWINE/IOWA/A01731653/2016,A/SWINE/MEXICO/AVX31/2012,0.060182
A/SWINE/MEXICO/AVX61/2013,A/SWINE/MEXICO/AVX31/2012,0.2130831
A/SWINE/MEXICO/AVX18/2012,A/SWINE/MEXICO/AVX31/2012,0.2159082
A/SWINE/MEXICO/AVX23/2012,A/SWINE/MEXICO/AVX31/2012,0.0816388
A/SWINE/MEXICO/AVX44/2012,A/SWINE/MEXICO/AVX31/2012,0.0344118
A/SWINE/MEXICO/AVX31/2012,A/SWINE/MEXICO/AVX31/2012,0
A/SWINE/MINNESOTA/A01781045/2016,A/SWINE/MEXICO/AVX31/2012,0.1082617
A/SWINE/ALBERTA/SD0191/2016,A/SWINE/MEXICO/AVX31/2012,0.1181617
A/SWINE/SASKATCHEWAN/SD0094/2015,A/SWINE/MEXICO/AVX31/2012,0.1044215
A/SWINE/MANITOBA/SD0114/2015,A/SWINE/MEXICO/AVX31/2012,0.1074809
A/SWINE/ALBERTA/SD0154/2016,A/SWINE/MEXICO/AVX31/2012,0.106307
A/SWINE/MANITOBA/D0392/2014,A/SWINE/MEXICO/AVX31/2012,0.1089399
A/SWINE/SASKATCHEWAN/SD0102/2015,A/SWINE/MEXICO/AVX31/2012,0.1079229
A/SWINE/SASKATCHEWAN/SD0200/2016,A/SWINE/MEXICO/AVX31/2012,0.1152107
A/SWINE/ALBERTA/SD0125/2015,A/SWINE/MEXICO/AVX31/2012,0.1089323
A/SWINE/ILLINOIS/A01644323/2018,A/SWINE/MEXICO/AVX31/2012,0.2195284
A/SWINE/ILLINOIS/A02139356/2018,A/SWINE/MEXICO/AVX31/2012,0.2235797
A/SWINE/MICHIGAN/A01104117/2018,A/SWINE/MEXICO/AVX31/2012,0.2245057
A/SWINE/ALBERTA/SD0014/2013,A/SWINE/MINNESOTA/A01781045/2016,0.1027526
A/SWINE/MANITOBA/D0348/2014,A/SWINE/MINNESOTA/A01781045/2016,0.0116409
A/SWINE/MANITOBA/D0333/2014,A/SWINE/MINNESOTA/A01781045/2016,0.0912039
A/OHIO/9/2015,A/SWINE/MINNESOTA/A01781045/2016,0.1167561
A/MINNESOTA/45/2016,A/SWINE/MINNESOTA/A01781045/2016,0.0101118
A/MEXICO/4108/2009,A/SWINE/MINNESOTA/A01781045/2016,0.108662
A/SWINE/MINNESOTA/A01134353/2011,A/SWINE/MINNESOTA/A01781045/2016,0.2085737
A/SWINE/OKLAHOMA/A01409770/2014,A/SWINE/MINNESOTA/A01781045/2016,0.2101637
A/SWINE/NEBRASKA/A01492366/2014,A/SWINE/MINNESOTA/A01781045/2016,0.2112058
A/SWINE/ILLINOIS/A01493472/2014,A/SWINE/MINNESOTA/A01781045/2016,0.1163945
A/SWINE/MINNESOTA/A01567490/2014,A/SWINE/MINNESOTA/A01781045/2016,0.1108648
A/SWINE/NORTH_CAROLINA/A01841602/2015,A/SWINE/MINNESOTA/A01781045/2016,0.1158021
A/SWINE/OHIO/A01847657/2015,A/SWINE/MINNESOTA/A01781045/2016,0.1140868
A/SWINE/NORTH_CAROLINA/A02076926/2015,A/SWINE/MINNESOTA/A01781045/2016,0.1157851
A/SWINE/NORTH_CAROLINA/A01797415/2015,A/SWINE/MINNESOTA/A01781045/2016,0.112557
A/SWINE/NORTH_CAROLINA/A01730369/2016,A/SWINE/MINNESOTA/A01781045/2016,0.1095242
A/SWINE/IOWA/A01731653/2016,A/SWINE/MINNESOTA/A01781045/2016,0.1146078
A/SWINE/MEXICO/AVX61/2013,A/SWINE/MINNESOTA/A01781045/2016,0.1942321
A/SWINE/MEXICO/AVX18/2012,A/SWINE/MINNESOTA/A01781045/2016,0.2053762
A/SWINE/MEXICO/AVX23/2012,A/SWINE/MINNESOTA/A01781045/2016,0.1026579
A/SWINE/MEXICO/AVX44/2012,A/SWINE/MINNESOTA/A01781045/2016,0.1152986
A/SWINE/MEXICO/AVX31/2012,A/SWINE/MINNESOTA/A01781045/2016,0.1082617
A/SWINE/MINNESOTA/A01781045/2016,A/SWINE/MINNESOTA/A01781045/2016,0
A/SWINE/ALBERTA/SD0191/2016,A/SWINE/MINNESOTA/A01781045/2016,0.0143731
A/SWINE/SASKATCHEWAN/SD0094/2015,A/SWINE/MINNESOTA/A01781045/2016,0.0928795
A/SWINE/MANITOBA/SD0114/2015,A/SWINE/MINNESOTA/A01781045/2016,0.0048228
A/SWINE/ALBERTA/SD0154/2016,A/SWINE/MINNESOTA/A01781045/2016,0.1077903
A/SWINE/MANITOBA/D0392/2014,A/SWINE/MINNESOTA/A01781045/2016,0.0151224
A/SWINE/SASKATCHEWAN/SD0102/2015,A/SWINE/MINNESOTA/A01781045/2016,0.0097428
A/SWINE/SASKATCHEWAN/SD0200/2016,A/SWINE/MINNESOTA/A01781045/2016,0.0199451
A/SWINE/ALBERTA/SD0125/2015,A/SWINE/MINNESOTA/A01781045/2016,0.0979227
A/SWINE/ILLINOIS/A01644323/2018,A/SWINE/MINNESOTA/A01781045/2016,0.2102563
A/SWINE/ILLINOIS/A02139356/2018,A/SWINE/MINNESOTA/A01781045/2016,0.2132803
A/SWINE/MICHIGAN/A01104117/2018,A/SWINE/MINNESOTA/A01781045/2016,0.2190857
A/SWINE/ALBERTA/SD0014/2013,A/SWINE/ALBERTA/SD0191/2016,0.11229
A/SWINE/MANITOBA/D0348/2014,A/SWINE/ALBERTA/SD0191/2016,0.0163011
A/SWINE/MANITOBA/D0333/2014,A/SWINE/ALBERTA/SD0191/2016,0.0980649
A/OHIO/9/2015,A/SWINE/ALBERTA/SD0191/2016,0.1272697
A/MINNESOTA/45/2016,A/SWINE/ALBERTA/SD0191/2016,0.0155203
A/MEXICO/4108/2009,A/SWINE/ALBERTA/SD0191/2016,0.1190224
A/SWINE/MINNESOTA/A01134353/2011,A/SWINE/ALBERTA/SD0191/2016,0.2175553
A/SWINE/OKLAHOMA/A01409770/2014,A/SWINE/ALBERTA/SD0191/2016,0.2150419
A/SWINE/NEBRASKA/A01492366/2014,A/SWINE/ALBERTA/SD0191/2016,0.2201199
A/SWINE/ILLINOIS/A01493472/2014,A/SWINE/ALBERTA/SD0191/2016,0.1250008
A/SWINE/MINNESOTA/A01567490/2014,A/SWINE/ALBERTA/SD0191/2016,0.1202689
A/SWINE/NORTH_CAROLINA/A01841602/2015,A/SWINE/ALBERTA/SD0191/2016,0.1259019
A/SWINE/OHIO/A01847657/2015,A/SWINE/ALBERTA/SD0191/2016,0.1241032
A/SWINE/NORTH_CAROLINA/A02076926/2015,A/SWINE/ALBERTA/SD0191/2016,0.1247696
A/SWINE/NORTH_CAROLINA/A01797415/2015,A/SWINE/ALBERTA/SD0191/2016,0.1219528
A/SWINE/NORTH_CAROLINA/A01730369/2016,A/SWINE/ALBERTA/SD0191/2016,0.1194512
A/SWINE/IOWA/A01731653/2016,A/SWINE/ALBERTA/SD0191/2016,0.1223152
A/SWINE/MEXICO/AVX61/2013,A/SWINE/ALBERTA/SD0191/2016,0.2043882
A/SWINE/MEXICO/AVX18/2012,A/SWINE/ALBERTA/SD0191/2016,0.2150631
A/SWINE/MEXICO/AVX23/2012,A/SWINE/ALBERTA/SD0191/2016,0.1117617
A/SWINE/MEXICO/AVX44/2012,A/SWINE/ALBERTA/SD0191/2016,0.1260566
A/SWINE/MEXICO/AVX31/2012,A/SWINE/ALBERTA/SD0191/2016,0.1181617
A/SWINE/MINNESOTA/A01781045/2016,A/SWINE/ALBERTA/SD0191/2016,0.0143731
A/SWINE/ALBERTA/SD0191/2016,A/SWINE/ALBERTA/SD0191/2016,0
A/SWINE/SASKATCHEWAN/SD0094/2015,A/SWINE/ALBERTA/SD0191/2016,0.1032029
A/SWINE/MANITOBA/SD0114/2015,A/SWINE/ALBERTA/SD0191/2016,0.0124187
A/SWINE/ALBERTA/SD0154/2016,A/SWINE/ALBERTA/SD0191/2016,0.1176698
A/SWINE/MANITOBA/D0392/2014,A/SWINE/ALBERTA/SD0191/2016,0.0206377
A/SWINE/SASKATCHEWAN/SD0102/2015,A/SWINE/ALBERTA/SD0191/2016,0.0143749
A/SWINE/SASKATCHEWAN/SD0200/2016,A/SWINE/ALBERTA/SD0191/2016,0.0231771
A/SWINE/ALBERTA/SD0125/2015,A/SWINE/ALBERTA/SD0191/2016,0.1105587
A/SWINE/ILLINOIS/A01644323/2018,A/SWINE/ALBERTA/SD0191/2016,0.2198673
A/SWINE/ILLINOIS/A02139356/2018,A/SWINE/ALBERTA/SD0191/2016,0.2197905
A/SWINE/MICHIGAN/A01104117/2018,A/SWINE/ALBERTA/SD0191/2016,0.2250557
A/SWINE/ALBERTA/SD0014/2013,A/SWINE/SASKATCHEWAN/SD0094/2015,0.0417636
A/SWINE/MANITOBA/D0348/2014,A/SWINE/SASKATCHEWAN/SD0094/2015,0.0923051
A/SWINE/MANITOBA/D0333/2014,A/SWINE/SASKATCHEWAN/SD0094/2015,0.1057111
A/OHIO/9/2015,A/SWINE/SASKATCHEWAN/SD0094/2015,0.1128963
A/MINNESOTA/45/2016,A/SWINE/SASKATCHEWAN/SD0094/2015,0.097556
A/MEXICO/4108/2009,A/SWINE/SASKATCHEWAN/SD0094/2015,0.1015077
A/SWINE/MINNESOTA/A01134353/2011,A/SWINE/SASKATCHEWAN/SD0094/2015,0.2137772
A/SWINE/OKLAHOMA/A01409770/2014,A/SWINE/SASKATCHEWAN/SD0094/2015,0.2110938
A/SWINE/NEBRASKA/A01492366/2014,A/SWINE/SASKATCHEWAN/SD0094/2015,0.2188894
A/SWINE/ILLINOIS/A01493472/2014,A/SWINE/SASKATCHEWAN/SD0094/2015,0.10968
A/SWINE/MINNESOTA/A01567490/2014,A/SWINE/SASKATCHEWAN/SD0094/2015,0.1026026
A/SWINE/NORTH_CAROLINA/A01841602/2015,A/SWINE/SASKATCHEWAN/SD0094/2015,0.1080986
A/SWINE/OHIO/A01847657/2015,A/SWINE/SASKATCHEWAN/SD0094/2015,0.1102935
A/SWINE/NORTH_CAROLINA/A02076926/2015,A/SWINE/SASKATCHEWAN/SD0094/2015,0.1091578
A/SWINE/NORTH_CAROLINA/A01797415/2015,A/SWINE/SASKATCHEWAN/SD0094/2015,0.102486
A/SWINE/NORTH_CAROLINA/A01730369/2016,A/SWINE/SASKATCHEWAN/SD0094/2015,0.1047744
A/SWINE/IOWA/A01731653/2016,A/SWINE/SASKATCHEWAN/SD0094/2015,0.1067244
A/SWINE/MEXICO/AVX61/2013,A/SWINE/SASKATCHEWAN/SD0094/2015,0.2064379
A/SWINE/MEXICO/AVX18/2012,A/SWINE/SASKATCHEWAN/SD0094/2015,0.2130168
A/SWINE/MEXICO/AVX23/2012,A/SWINE/SASKATCHEWAN/SD0094/2015,0.0958536
A/SWINE/MEXICO/AVX44/2012,A/SWINE/SASKATCHEWAN/SD0094/2015,0.114053
A/SWINE/MEXICO/AVX31/2012,A/SWINE/SASKATCHEWAN/SD0094/2015,0.1044215
A/SWINE/MINNESOTA/A01781045/2016,A/SWINE/SASKATCHEWAN/SD0094/2015,0.0928795
A/SWINE/ALBERTA/SD0191/2016,A/SWINE/SASKATCHEWAN/SD0094/2015,0.1032029
A/SWINE/SASKATCHEWAN/SD0094/2015,A/SWINE/SASKATCHEWAN/SD0094/2015,0
A/SWINE/MANITOBA/SD0114/2015,A/SWINE/SASKATCHEWAN/SD0094/2015,0.09317
A/SWINE/ALBERTA/SD0154/2016,A/SWINE/SASKATCHEWAN/SD0094/2015,0.0425833
A/SWINE/MANITOBA/D0392/2014,A/SWINE/SASKATCHEWAN/SD0094/2015,0.0957213
A/SWINE/SASKATCHEWAN/SD0102/2015,A/SWINE/SASKATCHEWAN/SD0094/2015,0.0945303
A/SWINE/SASKATCHEWAN/SD0200/2016,A/SWINE/SASKATCHEWAN/SD0094/2015,0.1021805
A/SWINE/ALBERTA/SD0125/2015,A/SWINE/SASKATCHEWAN/SD0094/2015,0.0097373
A/SWINE/ILLINOIS/A01644323/2018,A/SWINE/SASKATCHEWAN/SD0094/2015,0.2180426
A/SWINE/ILLINOIS/A02139356/2018,A/SWINE/SASKATCHEWAN/SD0094/2015,0.2129033
A/SWINE/MICHIGAN/A01104117/2018,A/SWINE/SASKATCHEWAN/SD0094/2015,0.2120184
A/SWINE/ALBERTA/SD0014/2013,A/SWINE/MANITOBA/SD0114/2015,0.1040798
A/SWINE/MANITOBA/D0348/2014,A/SWINE/MANITOBA/SD0114/2015,0.0089561
A/SWINE/MANITOBA/D0333/2014,A/SWINE/MANITOBA/SD0114/2015,0.0897244
A/OHIO/9/2015,A/SWINE/MANITOBA/SD0114/2015,0.1158975
A/MINNESOTA/45/2016,A/SWINE/MANITOBA/SD0114/2015,0.0089542
A/MEXICO/4108/2009,A/SWINE/MANITOBA/SD0114/2015,0.10893
A/SWINE/MINNESOTA/A01134353/2011,A/SWINE/MANITOBA/SD0114/2015,0.2062054
A/SWINE/OKLAHOMA/A01409770/2014,A/SWINE/MANITOBA/SD0114/2015,0.2063754
A/SWINE/NEBRASKA/A01492366/2014,A/SWINE/MANITOBA/SD0114/2015,0.2086863
A/SWINE/ILLINOIS/A01493472/2014,A/SWINE/MANITOBA/SD0114/2015,0.1166506
A/SWINE/MINNESOTA/A01567490/2014,A/SWINE/MANITOBA/SD0114/2015,0.1111313
A/SWINE/NORTH_CAROLINA/A01841602/2015,A/SWINE/MANITOBA/SD0114/2015,0.1149818
A/SWINE/OHIO/A01847657/2015,A/SWINE/MANITOBA/SD0114/2015,0.1132764
A/SWINE/NORTH_CAROLINA/A02076926/2015,A/SWINE/MANITOBA/SD0114/2015,0.114965
A/SWINE/NORTH_CAROLINA/A01797415/2015,A/SWINE/MANITOBA/SD0114/2015,0.1117582
A/SWINE/NORTH_CAROLINA/A01730369/2016,A/SWINE/MANITOBA/SD0114/2015,0.1098649
A/SWINE/IOWA/A01731653/2016,A/SWINE/MANITOBA/SD0114/2015,0.1137947
A/SWINE/MEXICO/AVX61/2013,A/SWINE/MANITOBA/SD0114/2015,0.1919348
A/SWINE/MEXICO/AVX18/2012,A/SWINE/MANITOBA/SD0114/2015,0.2037863
A/SWINE/MEXICO/AVX23/2012,A/SWINE/MANITOBA/SD0114/2015,0.101903
A/SWINE/MEXICO/AVX44/2012,A/SWINE/MANITOBA/SD0114/2015,0.1161555
A/SWINE/MEXICO/AVX31/2012,A/SWINE/MANITOBA/SD0114/2015,0.1074809
A/SWINE/MINNESOTA/A01781045/2016,A/SWINE/MANITOBA/SD0114/2015,0.0048228
A/SWINE/ALBERTA/SD0191/2016,A/SWINE/MANITOBA/SD0114/2015,0.0124187
A/SWINE/SASKATCHEWAN/SD0094/2015,A/SWINE/MANITOBA/SD0114/2015,0.09317
A/SWINE/MANITOBA/SD0114/2015,A/SWINE/MANITOBA/SD0114/2015,0
A/SWINE/ALBERTA/SD0154/2016,A/SWINE/MANITOBA/SD0114/2015,0.1091228
A/SWINE/MANITOBA/D0392/2014,A/SWINE/MANITOBA/SD0114/2015,0.0131653
A/SWINE/SASKATCHEWAN/SD0102/2015,A/SWINE/MANITOBA/SD0114/2015,0.0070754
A/SWINE/SASKATCHEWAN/SD0200/2016,A/SWINE/MANITOBA/SD0114/2015,0.0179366
A/SWINE/ALBERTA/SD0125/2015,A/SWINE/MANITOBA/SD0114/2015,0.0992468
A/SWINE/ILLINOIS/A01644323/2018,A/SWINE/MANITOBA/SD0114/2015,0.2083972
A/SWINE/ILLINOIS/A02139356/2018,A/SWINE/MANITOBA/SD0114/2015,0.2122706
A/SWINE/MICHIGAN/A01104117/2018,A/SWINE/MANITOBA/SD0114/2015,0.218256
A/SWINE/ALBERTA/SD0014/2013,A/SWINE/ALBERTA/SD0154/2016,0.0452786
A/SWINE/MANITOBA/D0348/2014,A/SWINE/ALBERTA/SD0154/2016,0.1064457
A/SWINE/MANITOBA/D0333/2014,A/SWINE/ALBERTA/SD0154/2016,0.1134526
A/OHIO/9/2015,A/SWINE/ALBERTA/SD0154/2016,0.1218204
A/MINNESOTA/45/2016,A/SWINE/ALBERTA/SD0154/2016,0.1099842
A/MEXICO/4108/2009,A/SWINE/ALBERTA/SD0154/2016,0.1056053
A/SWINE/MINNESOTA/A01134353/2011,A/SWINE/ALBERTA/SD0154/2016,0.2277871
A/SWINE/OKLAHOMA/A01409770/2014,A/SWINE/ALBERTA/SD0154/2016,0.2300131
A/SWINE/NEBRASKA/A01492366/2014,A/SWINE/ALBERTA/SD0154/2016,0.2275829
A/SWINE/ILLINOIS/A01493472/2014,A/SWINE/ALBERTA/SD0154/2016,0.1123129
A/SWINE/MINNESOTA/A01567490/2014,A/SWINE/ALBERTA/SD0154/2016,0.1150851
A/SWINE/NORTH_CAROLINA/A01841602/2015,A/SWINE/ALBERTA/SD0154/2016,0.1184065
A/SWINE/OHIO/A01847657/2015,A/SWINE/ALBERTA/SD0154/2016,0.1184062
A/SWINE/NORTH_CAROLINA/A02076926/2015,A/SWINE/ALBERTA/SD0154/2016,0.1183891
A/SWINE/NORTH_CAROLINA/A01797415/2015,A/SWINE/ALBERTA/SD0154/2016,0.108315
A/SWINE/NORTH_CAROLINA/A01730369/2016,A/SWINE/ALBERTA/SD0154/2016,0.1110847
A/SWINE/IOWA/A01731653/2016,A/SWINE/ALBERTA/SD0154/2016,0.1171571
A/SWINE/MEXICO/AVX61/2013,A/SWINE/ALBERTA/SD0154/2016,0.22924
A/SWINE/MEXICO/AVX18/2012,A/SWINE/ALBERTA/SD0154/2016,0.2246116
A/SWINE/MEXICO/AVX23/2012,A/SWINE/ALBERTA/SD0154/2016,0.1063702
A/SWINE/MEXICO/AVX44/2012,A/SWINE/ALBERTA/SD0154/2016,0.1186276
A/SWINE/MEXICO/AVX31/2012,A/SWINE/ALBERTA/SD0154/2016,0.106307
A/SWINE/MINNESOTA/A01781045/2016,A/SWINE/ALBERTA/SD0154/2016,0.1077903
A/SWINE/ALBERTA/SD0191/2016,A/SWINE/ALBERTA/SD0154/2016,0.1176698
A/SWINE/SASKATCHEWAN/SD0094/2015,A/SWINE/ALBERTA/SD0154/2016,0.0425833
A/SWINE/MANITOBA/SD0114/2015,A/SWINE/ALBERTA/SD0154/2016,0.1091228
A/SWINE/ALBERTA/SD0154/2016,A/SWINE/ALBERTA/SD0154/2016,0
A/SWINE/MANITOBA/D0392/2014,A/SWINE/ALBERTA/SD0154/2016,0.1050584
A/SWINE/SASKATCHEWAN/SD0102/2015,A/SWINE/ALBERTA/SD0154/2016,0.1085394
A/SWINE/SASKATCHEWAN/SD0200/2016,A/SWINE/ALBERTA/SD0154/2016,0.1157897
A/SWINE/ALBERTA/SD0125/2015,A/SWINE/ALBERTA/SD0154/2016,0.0478371
A/SWINE/ILLINOIS/A01644323/2018,A/SWINE/ALBERTA/SD0154/2016,0.2290834
A/SWINE/ILLINOIS/A02139356/2018,A/SWINE/ALBERTA/SD0154/2016,0.2289137
A/SWINE/MICHIGAN/A01104117/2018,A/SWINE/ALBERTA/SD0154/2016,0.2270434
A/SWINE/ALBERTA/SD0014/2013,A/SWINE/MANITOBA/D0392/2014,0.1036404
A/SWINE/MANITOBA/D0348/2014,A/SWINE/MANITOBA/D0392/2014,0.012403
A/SWINE/MANITOBA/D0333/2014,A/SWINE/MANITOBA/D0392/2014,0.089197
A/OHIO/9/2015,A/SWINE/MANITOBA/D0392/2014,0.1142305
A/MINNESOTA/45/2016,A/SWINE/MANITOBA/D0392/2014,0.0154845
A/MEXICO/4108/2009,A/SWINE/MANITOBA/D0392/2014,0.109339
A/SWINE/MINNESOTA/A01134353/2011,A/SWINE/MANITOBA/D0392/2014,0.2099863
A/SWINE/OKLAHOMA/A01409770/2014,A/SWINE/MANITOBA/D0392/2014,0.2156444
A/SWINE/NEBRASKA/A01492366/2014,A/SWINE/MANITOBA/D0392/2014,0.2126862
A/SWINE/ILLINOIS/A01493472/2014,A/SWINE/MANITOBA/D0392/2014,0.1151283
A/SWINE/MINNESOTA/A01567490/2014,A/SWINE/MANITOBA/D0392/2014,0.1113657
A/SWINE/NORTH_CAROLINA/A01841602/2015,A/SWINE/MANITOBA/D0392/2014,0.1133853
A/SWINE/OHIO/A01847657/2015,A/SWINE/MANITOBA/D0392/2014,0.111692
A/SWINE/NORTH_CAROLINA/A02076926/2015,A/SWINE/MANITOBA/D0392/2014,0.1133688
A/SWINE/NORTH_CAROLINA/A01797415/2015,A/SWINE/MANITOBA/D0392/2014,0.1138636
A/SWINE/NORTH_CAROLINA/A01730369/2016,A/SWINE/MANITOBA/D0392/2014,0.1119641
A/SWINE/IOWA/A01731653/2016,A/SWINE/MANITOBA/D0392/2014,0.1120778
A/SWINE/MEXICO/AVX61/2013,A/SWINE/MANITOBA/D0392/2014,0.2003142
A/SWINE/MEXICO/AVX18/2012,A/SWINE/MANITOBA/D0392/2014,0.2110548
A/SWINE/MEXICO/AVX23/2012,A/SWINE/MANITOBA/D0392/2014,0.1002732
A/SWINE/MEXICO/AVX44/2012,A/SWINE/MANITOBA/D0392/2014,0.1175604
A/SWINE/MEXICO/AVX31/2012,A/SWINE/MANITOBA/D0392/2014,0.1089399
A/SWINE/MINNESOTA/A01781045/2016,A/SWINE/MANITOBA/D0392/2014,0.0151224
A/SWINE/ALBERTA/SD0191/2016,A/SWINE/MANITOBA/D0392/2014,0.0206377
A/SWINE/SASKATCHEWAN/SD0094/2015,A/SWINE/MANITOBA/D0392/2014,0.0957213
A/SWINE/MANITOBA/SD0114/2015,A/SWINE/MANITOBA/D0392/2014,0.0131653
A/SWINE/ALBERTA/SD0154/2016,A/SWINE/MANITOBA/D0392/2014,0.1050584
A/SWINE/MANITOBA/D0392/2014,A/SWINE/MANITOBA/D0392/2014,0
A/SWINE/SASKATCHEWAN/SD0102/2015,A/SWINE/MANITOBA/D0392/2014,0.0135703
A/SWINE/SASKATCHEWAN/SD0200/2016,A/SWINE/MANITOBA/D0392/2014,0.0207409
A/SWINE/ALBERTA/SD0125/2015,A/SWINE/MANITOBA/D0392/2014,0.1007982
A/SWINE/ILLINOIS/A01644323/2018,A/SWINE/MANITOBA/D0392/2014,0.2113526
A/SWINE/ILLINOIS/A02139356/2018,A/SWINE/MANITOBA/D0392/2014,0.2170422
A/SWINE/MICHIGAN/A01104117/2018,A/SWINE/MANITOBA/D0392/2014,0.2219382
A/SWINE/ALBERTA/SD0014/2013,A/SWINE/SASKATCHEWAN/SD0102/2015,0.1047396
A/SWINE/MANITOBA/D0348/2014,A/SWINE/SASKATCHEWAN/SD0102/2015,0.009349
A/SWINE/MANITOBA/D0333/2014,A/SWINE/SASKATCHEWAN/SD0102/2015,0.0911296
A/OHIO/9/2015,A/SWINE/SASKATCHEWAN/SD0102/2015,0.1152617
A/MINNESOTA/45/2016,A/SWINE/SASKATCHEWAN/SD0102/2015,0.006319
A/MEXICO/4108/2009,A/SWINE/SASKATCHEWAN/SD0102/2015,0.108323
A/SWINE/MINNESOTA/A01134353/2011,A/SWINE/SASKATCHEWAN/SD0102/2015,0.212993
A/SWINE/OKLAHOMA/A01409770/2014,A/SWINE/SASKATCHEWAN/SD0102/2015,0.2134189
A/SWINE/NEBRASKA/A01492366/2014,A/SWINE/SASKATCHEWAN/SD0102/2015,0.2163018
A/SWINE/ILLINOIS/A01493472/2014,A/SWINE/SASKATCHEWAN/SD0102/2015,0.114975
A/SWINE/MINNESOTA/A01567490/2014,A/SWINE/SASKATCHEWAN/SD0102/2015,0.1097112
A/SWINE/NORTH_CAROLINA/A01841602/2015,A/SWINE/SASKATCHEWAN/SD0102/2015,0.1143711
A/SWINE/OHIO/A01847657/2015,A/SWINE/SASKATCHEWAN/SD0102/2015,0.1126669
A/SWINE/NORTH_CAROLINA/A02076926/2015,A/SWINE/SASKATCHEWAN/SD0102/2015,0.113277
A/SWINE/NORTH_CAROLINA/A01797415/2015,A/SWINE/SASKATCHEWAN/SD0102/2015,0.111152
A/SWINE/NORTH_CAROLINA/A01730369/2016,A/SWINE/SASKATCHEWAN/SD0102/2015,0.1092568
A/SWINE/IOWA/A01731653/2016,A/SWINE/SASKATCHEWAN/SD0102/2015,0.1123672
A/SWINE/MEXICO/AVX61/2013,A/SWINE/SASKATCHEWAN/SD0102/2015,0.1999447
A/SWINE/MEXICO/AVX18/2012,A/SWINE/SASKATCHEWAN/SD0102/2015,0.2106203
A/SWINE/MEXICO/AVX23/2012,A/SWINE/SASKATCHEWAN/SD0102/2015,0.0996344
A/SWINE/MEXICO/AVX44/2012,A/SWINE/SASKATCHEWAN/SD0102/2015,0.1177079
A/SWINE/MEXICO/AVX31/2012,A/SWINE/SASKATCHEWAN/SD0102/2015,0.1079229
A/SWINE/MINNESOTA/A01781045/2016,A/SWINE/SASKATCHEWAN/SD0102/2015,0.0097428
A/SWINE/ALBERTA/SD0191/2016,A/SWINE/SASKATCHEWAN/SD0102/2015,0.0143749
A/SWINE/SASKATCHEWAN/SD0094/2015,A/SWINE/SASKATCHEWAN/SD0102/2015,0.0945303
A/SWINE/MANITOBA/SD0114/2015,A/SWINE/SASKATCHEWAN/SD0102/2015,0.0070754
A/SWINE/ALBERTA/SD0154/2016,A/SWINE/SASKATCHEWAN/SD0102/2015,0.1085394
A/SWINE/MANITOBA/D0392/2014,A/SWINE/SASKATCHEWAN/SD0102/2015,0.0135703
A/SWINE/SASKATCHEWAN/SD0102/2015,A/SWINE/SASKATCHEWAN/SD0102/2015,0
A/SWINE/SASKATCHEWAN/SD0200/2016,A/SWINE/SASKATCHEWAN/SD0102/2015,0.0191553
A/SWINE/ALBERTA/SD0125/2015,A/SWINE/SASKATCHEWAN/SD0102/2015,0.1006454
A/SWINE/ILLINOIS/A01644323/2018,A/SWINE/SASKATCHEWAN/SD0102/2015,0.2138043
A/SWINE/ILLINOIS/A02139356/2018,A/SWINE/SASKATCHEWAN/SD0102/2015,0.2177924
A/SWINE/MICHIGAN/A01104117/2018,A/SWINE/SASKATCHEWAN/SD0102/2015,0.2238683
A/SWINE/ALBERTA/SD0014/2013,A/SWINE/SASKATCHEWAN/SD0200/2016,0.1127552
A/SWINE/MANITOBA/D0348/2014,A/SWINE/SASKATCHEWAN/SD0200/2016,0.0132587
A/SWINE/MANITOBA/D0333/2014,A/SWINE/SASKATCHEWAN/SD0200/2016,0.0961293
A/OHIO/9/2015,A/SWINE/SASKATCHEWAN/SD0200/2016,0.1201068
A/MINNESOTA/45/2016,A/SWINE/SASKATCHEWAN/SD0200/2016,0.0195269
A/MEXICO/4108/2009,A/SWINE/SASKATCHEWAN/SD0200/2016,0.1156138
A/SWINE/MINNESOTA/A01134353/2011,A/SWINE/SASKATCHEWAN/SD0200/2016,0.2088291
A/SWINE/OKLAHOMA/A01409770/2014,A/SWINE/SASKATCHEWAN/SD0200/2016,0.21341
A/SWINE/NEBRASKA/A01492366/2014,A/SWINE/SASKATCHEWAN/SD0200/2016,0.2133543
A/SWINE/ILLINOIS/A01493472/2014,A/SWINE/SASKATCHEWAN/SD0200/2016,0.1226707
A/SWINE/MINNESOTA/A01567490/2014,A/SWINE/SASKATCHEWAN/SD0200/2016,0.1172928
A/SWINE/NORTH_CAROLINA/A01841602/2015,A/SWINE/SASKATCHEWAN/SD0200/2016,0.1201273
A/SWINE/OHIO/A01847657/2015,A/SWINE/SASKATCHEWAN/SD0200/2016,0.1172556
A/SWINE/NORTH_CAROLINA/A02076926/2015,A/SWINE/SASKATCHEWAN/SD0200/2016,0.1201092
A/SWINE/NORTH_CAROLINA/A01797415/2015,A/SWINE/SASKATCHEWAN/SD0200/2016,0.1181009
A/SWINE/NORTH_CAROLINA/A01730369/2016,A/SWINE/SASKATCHEWAN/SD0200/2016,0.115617
A/SWINE/IOWA/A01731653/2016,A/SWINE/SASKATCHEWAN/SD0200/2016,0.1181914
A/SWINE/MEXICO/AVX61/2013,A/SWINE/SASKATCHEWAN/SD0200/2016,0.2045321
A/SWINE/MEXICO/AVX18/2012,A/SWINE/SASKATCHEWAN/SD0200/2016,0.2119597
A/SWINE/MEXICO/AVX23/2012,A/SWINE/SASKATCHEWAN/SD0200/2016,0.109501
A/SWINE/MEXICO/AVX44/2012,A/SWINE/SASKATCHEWAN/SD0200/2016,0.1230421
A/SWINE/MEXICO/AVX31/2012,A/SWINE/SASKATCHEWAN/SD0200/2016,0.1152107
A/SWINE/MINNESOTA/A01781045/2016,A/SWINE/SASKATCHEWAN/SD0200/2016,0.0199451
A/SWINE/ALBERTA/SD0191/2016,A/SWINE/SASKATCHEWAN/SD0200/2016,0.0231771
A/SWINE/SASKATCHEWAN/SD0094/2015,A/SWINE/SASKATCHEWAN/SD0200/2016,0.1021805
A/SWINE/MANITOBA/SD0114/2015,A/SWINE/SASKATCHEWAN/SD0200/2016,0.0179366
A/SWINE/ALBERTA/SD0154/2016,A/SWINE/SASKATCHEWAN/SD0200/2016,0.1157897
A/SWINE/MANITOBA/D0392/2014,A/SWINE/SASKATCHEWAN/SD0200/2016,0.0207409
A/SWINE/SASKATCHEWAN/SD0102/2015,A/SWINE/SASKATCHEWAN/SD0200/2016,0.0191553
A/SWINE/SASKATCHEWAN/SD0200/2016,A/SWINE/SASKATCHEWAN/SD0200/2016,0
A/SWINE/ALBERTA/SD0125/2015,A/SWINE/SASKATCHEWAN/SD0200/2016,0.1105976
A/SWINE/ILLINOIS/A01644323/2018,A/SWINE/SASKATCHEWAN/SD0200/2016,0.2145276
A/SWINE/ILLINOIS/A02139356/2018,A/SWINE/SASKATCHEWAN/SD0200/2016,0.2163681
A/SWINE/MICHIGAN/A01104117/2018,A/SWINE/SASKATCHEWAN/SD0200/2016,0.2209305
A/SWINE/ALBERTA/SD0014/2013,A/SWINE/ALBERTA/SD0125/2015,0.045635
A/SWINE/MANITOBA/D0348/2014,A/SWINE/ALBERTA/SD0125/2015,0.0983774
A/SWINE/MANITOBA/D0333/2014,A/SWINE/ALBERTA/SD0125/2015,0.1125016
A/OHIO/9/2015,A/SWINE/ALBERTA/SD0125/2015,0.1204733
A/MINNESOTA/45/2016,A/SWINE/ALBERTA/SD0125/2015,0.1025435
A/MEXICO/4108/2009,A/SWINE/ALBERTA/SD0125/2015,0.1059645
A/SWINE/MINNESOTA/A01134353/2011,A/SWINE/ALBERTA/SD0125/2015,0.2141275
A/SWINE/OKLAHOMA/A01409770/2014,A/SWINE/ALBERTA/SD0125/2015,0.2177762
A/SWINE/NEBRASKA/A01492366/2014,A/SWINE/ALBERTA/SD0125/2015,0.22319
A/SWINE/ILLINOIS/A01493472/2014,A/SWINE/ALBERTA/SD0125/2015,0.1151019
A/SWINE/MINNESOTA/A01567490/2014,A/SWINE/ALBERTA/SD0125/2015,0.1058969
A/SWINE/NORTH_CAROLINA/A01841602/2015,A/SWINE/ALBERTA/SD0125/2015,0.1136027
A/SWINE/OHIO/A01847657/2015,A/SWINE/ALBERTA/SD0125/2015,0.1169366
A/SWINE/NORTH_CAROLINA/A02076926/2015,A/SWINE/ALBERTA/SD0125/2015,0.1146796
A/SWINE/NORTH_CAROLINA/A01797415/2015,A/SWINE/ALBERTA/SD0125/2015,0.1049333
A/SWINE/NORTH_CAROLINA/A01730369/2016,A/SWINE/ALBERTA/SD0125/2015,0.1072442
A/SWINE/IOWA/A01731653/2016,A/SWINE/ALBERTA/SD0125/2015,0.1092617
A/SWINE/MEXICO/AVX61/2013,A/SWINE/ALBERTA/SD0125/2015,0.2098213
A/SWINE/MEXICO/AVX18/2012,A/SWINE/ALBERTA/SD0125/2015,0.2147689
A/SWINE/MEXICO/AVX23/2012,A/SWINE/ALBERTA/SD0125/2015,0.0982718
A/SWINE/MEXICO/AVX44/2012,A/SWINE/ALBERTA/SD0125/2015,0.1209144
A/SWINE/MEXICO/AVX31/2012,A/SWINE/ALBERTA/SD0125/2015,0.1089323
A/SWINE/MINNESOTA/A01781045/2016,A/SWINE/ALBERTA/SD0125/2015,0.0979227
A/SWINE/ALBERTA/SD0191/2016,A/SWINE/ALBERTA/SD0125/2015,0.1105587
A/SWINE/SASKATCHEWAN/SD0094/2015,A/SWINE/ALBERTA/SD0125/2015,0.0097373
A/SWINE/MANITOBA/SD0114/2015,A/SWINE/ALBERTA/SD0125/2015,0.0992468
A/SWINE/ALBERTA/SD0154/2016,A/SWINE/ALBERTA/SD0125/2015,0.0478371
A/SWINE/MANITOBA/D0392/2014,A/SWINE/ALBERTA/SD0125/2015,0.1007982
A/SWINE/SASKATCHEWAN/SD0102/2015,A/SWINE/ALBERTA/SD0125/2015,0.1006454
A/SWINE/SASKATCHEWAN/SD0200/2016,A/SWINE/ALBERTA/SD0125/2015,0.1105976
A/SWINE/ALBERTA/SD0125/2015,A/SWINE/ALBERTA/SD0125/2015,0
A/SWINE/ILLINOIS/A01644323/2018,A/SWINE/ALBERTA/SD0125/2015,0.2223687
A/SWINE/ILLINOIS/A02139356/2018,A/SWINE/ALBERTA/SD0125/2015,0.2197949
A/SWINE/MICHIGAN/A01104117/2018,A/SWINE/ALBERTA/SD0125/2015,0.2188922
A/SWINE/ALBERTA/SD0014/2013,A/SWINE/ILLINOIS/A01644323/2018,0.2218025
,,0.2092598
,,0.2225303
,,0.2412513
,,0.215696
,,0.2170167
,,0.0262987
,,0.0774883
,,0.0170789
,,0.2229506
,,0.2333404
,,0.2350424
,,0.2347079
,,0.2349908
,,0.2192744
,,0.2207868
,,0.2288993
,,0.0710922
,,0.0682164
,,0.2065624
,,0.2206797
,,0.2195284
,,0.2102563
,,0.2198673
,,0.2180426
,,0.2083972
,,0.2290834
,,0.2113526
,,0.2138043
,,0.2145276
,,0.2223687
,,0
,,0.0883145
,,0.0909775
,,0.215479
,,0.2179869
,,0.2200785
,,0.2318558
,,0.2225786
,,0.2224679
,,0.0746812
,,0.0306533
,,0.0804515
,,0.2239266
,,0.2212282
,,0.2274904
,,0.2254461
,,0.2274412
,,0.2107262
,,0.2114469
,,0.2223434
,,0.0645327
,,0.0687517
,,0.2049913
,,0.2152551
,,0.2235797
,,0.2132803
,,0.2197905
,,0.2129033
,,0.2122706
,,0.2289137
,,0.2170422
,,0.2177924
,,0.2163681
,,0.2197949
,,0.0883145
,,0
,,0.008962
,,0.2160188
,,0.2234887
,,0.2242015
,,0.2328649
,,0.2287274
,,0.2233893
,,0.0776327
,,0.0336108
,,0.0830265
,,0.2248516
,,0.223606
,,0.2299698
,,0.2279118
,,0.2299198
,,0.2116312
,,0.2120625
,,0.2247132
,,0.0687464
,,0.0733587
,,0.2052656
,,0.21468
,,0.2245057
,,0.2190857
,,0.2250557
,,0.2120184
,,0.218256
,,0.2270434
,,0.2219382
,,0.2238683
,,0.2209305
,,0.2188922
,,0.0909775
,,0.008962
,,0